Ente,Candidato,Voti totali,Liste/Gruppi,
ALLEIN,MARGUERETTAZ RUDI FRANCO,63,VALLEE D'AOSTE,
ALLEIN,VIERIN LAURENT,43,UNION VALDOTAINE PROGRESSISTE,
ALLEIN,COGNETTA ROBERTO UGO MASSIMO,21,MOVIMENTO 5 STELLE BEPPEGRILLO.IT,
ALLEIN,GUICHARDAZ JEAN PIERRE,7,AUTONOMIE LIBERTE' DEMOCRATIE,
ALLEIN,MELONI GIORGIA,4,FRATELLI D'ITALIA,
ALLEIN,SPELGATTI NICOLETTA,2,LEGA NORD,
ALLEIN,LADU ANDREA,1,CASAPOUND ITALIA,
ALLEIN,BRINGHEN LUCA,0,UNIONE DI CENTRO,
ALLEIN,BUILLET FABRIZIO,0,FARE PER FERMARE IL DECLINO,
ALLEIN,CAMPION EROS,0,NATION VAL D'OUTA,
ANTEY-SAINT-ANDRE',MARGUERETTAZ RUDI FRANCO,107,VALLEE D'AOSTE,
ANTEY-SAINT-ANDRE',VIERIN LAURENT,100,UNION VALDOTAINE PROGRESSISTE,
ANTEY-SAINT-ANDRE',COGNETTA ROBERTO UGO MASSIMO,64,MOVIMENTO 5 STELLE BEPPEGRILLO.IT,
ANTEY-SAINT-ANDRE',GUICHARDAZ JEAN PIERRE,62,AUTONOMIE LIBERTE' DEMOCRATIE,
ANTEY-SAINT-ANDRE',MELONI GIORGIA,18,FRATELLI D'ITALIA,
ANTEY-SAINT-ANDRE',SPELGATTI NICOLETTA,17,LEGA NORD,
ANTEY-SAINT-ANDRE',BRINGHEN LUCA,4,UNIONE DI CENTRO,
ANTEY-SAINT-ANDRE',BUILLET FABRIZIO,3,FARE PER FERMARE IL DECLINO,
ANTEY-SAINT-ANDRE',LADU ANDREA,0,CASAPOUND ITALIA,
ANTEY-SAINT-ANDRE',CAMPION EROS,0,NATION VAL D'OUTA,
AOSTA,GUICHARDAZ JEAN PIERRE,5077,AUTONOMIE LIBERTE' DEMOCRATIE,
AOSTA,MARGUERETTAZ RUDI FRANCO,4407,VALLEE D'AOSTE,
AOSTA,COGNETTA ROBERTO UGO MASSIMO,3839,MOVIMENTO 5 STELLE BEPPEGRILLO.IT,
AOSTA,VIERIN LAURENT,3250,UNION VALDOTAINE PROGRESSISTE,
AOSTA,MELONI GIORGIA,1094,FRATELLI D'ITALIA,
AOSTA,SPELGATTI NICOLETTA,703,LEGA NORD,
AOSTA,BRINGHEN LUCA,532,UNIONE DI CENTRO,
AOSTA,BUILLET FABRIZIO,249,FARE PER FERMARE IL DECLINO,
AOSTA,LADU ANDREA,140,CASAPOUND ITALIA,
AOSTA,CAMPION EROS,43,NATION VAL D'OUTA,
ARNAD,VIERIN LAURENT,290,UNION VALDOTAINE PROGRESSISTE,
ARNAD,MARGUERETTAZ RUDI FRANCO,219,VALLEE D'AOSTE,
ARNAD,COGNETTA ROBERTO UGO MASSIMO,117,MOVIMENTO 5 STELLE BEPPEGRILLO.IT,
ARNAD,GUICHARDAZ JEAN PIERRE,110,AUTONOMIE LIBERTE' DEMOCRATIE,
ARNAD,SPELGATTI NICOLETTA,20,LEGA NORD,
ARNAD,MELONI GIORGIA,18,FRATELLI D'ITALIA,
ARNAD,BRINGHEN LUCA,11,UNIONE DI CENTRO,
ARNAD,BUILLET FABRIZIO,3,FARE PER FERMARE IL DECLINO,
ARNAD,LADU ANDREA,0,CASAPOUND ITALIA,
ARNAD,CAMPION EROS,0,NATION VAL D'OUTA,
ARVIER,GUICHARDAZ JEAN PIERRE,162,AUTONOMIE LIBERTE' DEMOCRATIE,
ARVIER,MARGUERETTAZ RUDI FRANCO,152,VALLEE D'AOSTE,
ARVIER,VIERIN LAURENT,107,UNION VALDOTAINE PROGRESSISTE,
ARVIER,COGNETTA ROBERTO UGO MASSIMO,70,MOVIMENTO 5 STELLE BEPPEGRILLO.IT,
ARVIER,SPELGATTI NICOLETTA,20,LEGA NORD,
ARVIER,MELONI GIORGIA,8,FRATELLI D'ITALIA,
ARVIER,BUILLET FABRIZIO,3,FARE PER FERMARE IL DECLINO,
ARVIER,LADU ANDREA,3,CASAPOUND ITALIA,
ARVIER,BRINGHEN LUCA,1,UNIONE DI CENTRO,
ARVIER,CAMPION EROS,0,NATION VAL D'OUTA,
AVISE,VIERIN LAURENT,68,UNION VALDOTAINE PROGRESSISTE,
AVISE,GUICHARDAZ JEAN PIERRE,44,AUTONOMIE LIBERTE' DEMOCRATIE,
AVISE,MARGUERETTAZ RUDI FRANCO,34,VALLEE D'AOSTE,
AVISE,COGNETTA ROBERTO UGO MASSIMO,23,MOVIMENTO 5 STELLE BEPPEGRILLO.IT,
AVISE,MELONI GIORGIA,3,FRATELLI D'ITALIA,
AVISE,BRINGHEN LUCA,2,UNIONE DI CENTRO,
AVISE,BUILLET FABRIZIO,2,FARE PER FERMARE IL DECLINO,
AVISE,LADU ANDREA,2,CASAPOUND ITALIA,
AVISE,SPELGATTI NICOLETTA,2,LEGA NORD,
AVISE,CAMPION EROS,0,NATION VAL D'OUTA,
AYAS,VIERIN LAURENT,225,UNION VALDOTAINE PROGRESSISTE,
AYAS,MARGUERETTAZ RUDI FRANCO,217,VALLEE D'AOSTE,
AYAS,COGNETTA ROBERTO UGO MASSIMO,95,MOVIMENTO 5 STELLE BEPPEGRILLO.IT,
AYAS,GUICHARDAZ JEAN PIERRE,68,AUTONOMIE LIBERTE' DEMOCRATIE,
AYAS,SPELGATTI NICOLETTA,32,LEGA NORD,
AYAS,MELONI GIORGIA,24,FRATELLI D'ITALIA,
AYAS,BUILLET FABRIZIO,12,FARE PER FERMARE IL DECLINO,
AYAS,BRINGHEN LUCA,11,UNIONE DI CENTRO,
AYAS,LADU ANDREA,1,CASAPOUND ITALIA,
AYAS,CAMPION EROS,1,NATION VAL D'OUTA,
AYMAVILLES,VIERIN LAURENT,396,UNION VALDOTAINE PROGRESSISTE,
AYMAVILLES,MARGUERETTAZ RUDI FRANCO,242,VALLEE D'AOSTE,
AYMAVILLES,COGNETTA ROBERTO UGO MASSIMO,222,MOVIMENTO 5 STELLE BEPPEGRILLO.IT,
AYMAVILLES,GUICHARDAZ JEAN PIERRE,204,AUTONOMIE LIBERTE' DEMOCRATIE,
AYMAVILLES,SPELGATTI NICOLETTA,39,LEGA NORD,
AYMAVILLES,MELONI GIORGIA,34,FRATELLI D'ITALIA,
AYMAVILLES,BUILLET FABRIZIO,12,FARE PER FERMARE IL DECLINO,
AYMAVILLES,BRINGHEN LUCA,6,UNIONE DI CENTRO,
AYMAVILLES,CAMPION EROS,3,NATION VAL D'OUTA,
AYMAVILLES,LADU ANDREA,2,CASAPOUND ITALIA,
BARD,MARGUERETTAZ RUDI FRANCO,34,VALLEE D'AOSTE,
BARD,VIERIN LAURENT,26,UNION VALDOTAINE PROGRESSISTE,
BARD,COGNETTA ROBERTO UGO MASSIMO,10,MOVIMENTO 5 STELLE BEPPEGRILLO.IT,
BARD,GUICHARDAZ JEAN PIERRE,9,AUTONOMIE LIBERTE' DEMOCRATIE,
BARD,MELONI GIORGIA,6,FRATELLI D'ITALIA,
BARD,SPELGATTI NICOLETTA,1,LEGA NORD,
BARD,BUILLET FABRIZIO,1,FARE PER FERMARE IL DECLINO,
BARD,BRINGHEN LUCA,1,UNIONE DI CENTRO,
BARD,LADU ANDREA,0,CASAPOUND ITALIA,
BARD,CAMPION EROS,0,NATION VAL D'OUTA,
BIONAZ,VIERIN LAURENT,55,UNION VALDOTAINE PROGRESSISTE,
BIONAZ,MARGUERETTAZ RUDI FRANCO,47,VALLEE D'AOSTE,
BIONAZ,COGNETTA ROBERTO UGO MASSIMO,26,MOVIMENTO 5 STELLE BEPPEGRILLO.IT,
BIONAZ,GUICHARDAZ JEAN PIERRE,14,AUTONOMIE LIBERTE' DEMOCRATIE,
BIONAZ,MELONI GIORGIA,3,FRATELLI D'ITALIA,
BIONAZ,SPELGATTI NICOLETTA,2,LEGA NORD,
BIONAZ,LADU ANDREA,1,CASAPOUND ITALIA,
BIONAZ,BRINGHEN LUCA,1,UNIONE DI CENTRO,
BIONAZ,BUILLET FABRIZIO,1,FARE PER FERMARE IL DECLINO,
BIONAZ,CAMPION EROS,0,NATION VAL D'OUTA,
BRISSOGNE,VIERIN LAURENT,168,UNION VALDOTAINE PROGRESSISTE,
BRISSOGNE,MARGUERETTAZ RUDI FRANCO,152,VALLEE D'AOSTE,
BRISSOGNE,COGNETTA ROBERTO UGO MASSIMO,148,MOVIMENTO 5 STELLE BEPPEGRILLO.IT,
BRISSOGNE,GUICHARDAZ JEAN PIERRE,108,AUTONOMIE LIBERTE' DEMOCRATIE,
BRISSOGNE,MELONI GIORGIA,28,FRATELLI D'ITALIA,
BRISSOGNE,SPELGATTI NICOLETTA,17,LEGA NORD,
BRISSOGNE,BRINGHEN LUCA,5,UNIONE DI CENTRO,
BRISSOGNE,LADU ANDREA,4,CASAPOUND ITALIA,
BRISSOGNE,BUILLET FABRIZIO,2,FARE PER FERMARE IL DECLINO,
BRISSOGNE,CAMPION EROS,2,NATION VAL D'OUTA,
BRUSSON,MARGUERETTAZ RUDI FRANCO,187,VALLEE D'AOSTE,
BRUSSON,VIERIN LAURENT,173,UNION VALDOTAINE PROGRESSISTE,
BRUSSON,COGNETTA ROBERTO UGO MASSIMO,72,MOVIMENTO 5 STELLE BEPPEGRILLO.IT,
BRUSSON,GUICHARDAZ JEAN PIERRE,33,AUTONOMIE LIBERTE' DEMOCRATIE,
BRUSSON,SPELGATTI NICOLETTA,23,LEGA NORD,
BRUSSON,MELONI GIORGIA,10,FRATELLI D'ITALIA,
BRUSSON,BUILLET FABRIZIO,3,FARE PER FERMARE IL DECLINO,
BRUSSON,LADU ANDREA,3,CASAPOUND ITALIA,
BRUSSON,BRINGHEN LUCA,2,UNIONE DI CENTRO,
BRUSSON,CAMPION EROS,0,NATION VAL D'OUTA,
CHALLAND-SAINT-ANSELME,MARGUERETTAZ RUDI FRANCO,178,VALLEE D'AOSTE,
CHALLAND-SAINT-ANSELME,VIERIN LAURENT,127,UNION VALDOTAINE PROGRESSISTE,
CHALLAND-SAINT-ANSELME,GUICHARDAZ JEAN PIERRE,40,AUTONOMIE LIBERTE' DEMOCRATIE,
CHALLAND-SAINT-ANSELME,COGNETTA ROBERTO UGO MASSIMO,38,MOVIMENTO 5 STELLE BEPPEGRILLO.IT,
CHALLAND-SAINT-ANSELME,SPELGATTI NICOLETTA,25,LEGA NORD,
CHALLAND-SAINT-ANSELME,MELONI GIORGIA,12,FRATELLI D'ITALIA,
CHALLAND-SAINT-ANSELME,BRINGHEN LUCA,7,UNIONE DI CENTRO,
CHALLAND-SAINT-ANSELME,LADU ANDREA,1,CASAPOUND ITALIA,
CHALLAND-SAINT-ANSELME,BUILLET FABRIZIO,0,FARE PER FERMARE IL DECLINO,
CHALLAND-SAINT-ANSELME,CAMPION EROS,0,NATION VAL D'OUTA,
CHALLAND-SAINT-VICTOR,MARGUERETTAZ RUDI FRANCO,147,VALLEE D'AOSTE,
CHALLAND-SAINT-VICTOR,VIERIN LAURENT,83,UNION VALDOTAINE PROGRESSISTE,
CHALLAND-SAINT-VICTOR,COGNETTA ROBERTO UGO MASSIMO,51,MOVIMENTO 5 STELLE BEPPEGRILLO.IT,
CHALLAND-SAINT-VICTOR,GUICHARDAZ JEAN PIERRE,30,AUTONOMIE LIBERTE' DEMOCRATIE,
CHALLAND-SAINT-VICTOR,SPELGATTI NICOLETTA,19,LEGA NORD,
CHALLAND-SAINT-VICTOR,MELONI GIORGIA,9,FRATELLI D'ITALIA,
CHALLAND-SAINT-VICTOR,BRINGHEN LUCA,6,UNIONE DI CENTRO,
CHALLAND-SAINT-VICTOR,BUILLET FABRIZIO,2,FARE PER FERMARE IL DECLINO,
CHALLAND-SAINT-VICTOR,LADU ANDREA,0,CASAPOUND ITALIA,
CHALLAND-SAINT-VICTOR,CAMPION EROS,0,NATION VAL D'OUTA,
CHAMBAVE,VIERIN LAURENT,180,UNION VALDOTAINE PROGRESSISTE,
CHAMBAVE,MARGUERETTAZ RUDI FRANCO,155,VALLEE D'AOSTE,
CHAMBAVE,GUICHARDAZ JEAN PIERRE,128,AUTONOMIE LIBERTE' DEMOCRATIE,
CHAMBAVE,COGNETTA ROBERTO UGO MASSIMO,76,MOVIMENTO 5 STELLE BEPPEGRILLO.IT,
CHAMBAVE,MELONI GIORGIA,19,FRATELLI D'ITALIA,
CHAMBAVE,SPELGATTI NICOLETTA,11,LEGA NORD,
CHAMBAVE,BRINGHEN LUCA,8,UNIONE DI CENTRO,
CHAMBAVE,BUILLET FABRIZIO,2,FARE PER FERMARE IL DECLINO,
CHAMBAVE,LADU ANDREA,1,CASAPOUND ITALIA,
CHAMBAVE,CAMPION EROS,1,NATION VAL D'OUTA,
CHAMOIS,MARGUERETTAZ RUDI FRANCO,22,VALLEE D'AOSTE,
CHAMOIS,VIERIN LAURENT,15,UNION VALDOTAINE PROGRESSISTE,
CHAMOIS,GUICHARDAZ JEAN PIERRE,13,AUTONOMIE LIBERTE' DEMOCRATIE,
CHAMOIS,COGNETTA ROBERTO UGO MASSIMO,7,MOVIMENTO 5 STELLE BEPPEGRILLO.IT,
CHAMOIS,SPELGATTI NICOLETTA,4,LEGA NORD,
CHAMOIS,CAMPION EROS,2,NATION VAL D'OUTA,
CHAMOIS,BRINGHEN LUCA,1,UNIONE DI CENTRO,
CHAMOIS,BUILLET FABRIZIO,1,FARE PER FERMARE IL DECLINO,
CHAMOIS,MELONI GIORGIA,0,FRATELLI D'ITALIA,
CHAMOIS,LADU ANDREA,0,CASAPOUND ITALIA,
CHAMPDEPRAZ,MARGUERETTAZ RUDI FRANCO,189,VALLEE D'AOSTE,
CHAMPDEPRAZ,VIERIN LAURENT,91,UNION VALDOTAINE PROGRESSISTE,
CHAMPDEPRAZ,GUICHARDAZ JEAN PIERRE,73,AUTONOMIE LIBERTE' DEMOCRATIE,
CHAMPDEPRAZ,COGNETTA ROBERTO UGO MASSIMO,68,MOVIMENTO 5 STELLE BEPPEGRILLO.IT,
CHAMPDEPRAZ,MELONI GIORGIA,7,FRATELLI D'ITALIA,
CHAMPDEPRAZ,SPELGATTI NICOLETTA,3,LEGA NORD,
CHAMPDEPRAZ,LADU ANDREA,2,CASAPOUND ITALIA,
CHAMPDEPRAZ,BUILLET FABRIZIO,2,FARE PER FERMARE IL DECLINO,
CHAMPDEPRAZ,BRINGHEN LUCA,1,UNIONE DI CENTRO,
CHAMPDEPRAZ,CAMPION EROS,0,NATION VAL D'OUTA,
CHAMPORCHER,VIERIN LAURENT,81,UNION VALDOTAINE PROGRESSISTE,
CHAMPORCHER,MARGUERETTAZ RUDI FRANCO,63,VALLEE D'AOSTE,
CHAMPORCHER,GUICHARDAZ JEAN PIERRE,48,AUTONOMIE LIBERTE' DEMOCRATIE,
CHAMPORCHER,COGNETTA ROBERTO UGO MASSIMO,41,MOVIMENTO 5 STELLE BEPPEGRILLO.IT,
CHAMPORCHER,SPELGATTI NICOLETTA,5,LEGA NORD,
CHAMPORCHER,MELONI GIORGIA,4,FRATELLI D'ITALIA,
CHAMPORCHER,BRINGHEN LUCA,2,UNIONE DI CENTRO,
CHAMPORCHER,BUILLET FABRIZIO,1,FARE PER FERMARE IL DECLINO,
CHAMPORCHER,LADU ANDREA,0,CASAPOUND ITALIA,
CHAMPORCHER,CAMPION EROS,0,NATION VAL D'OUTA,
CHARVENSOD,VIERIN LAURENT,377,UNION VALDOTAINE PROGRESSISTE,
CHARVENSOD,MARGUERETTAZ RUDI FRANCO,331,VALLEE D'AOSTE,
CHARVENSOD,COGNETTA ROBERTO UGO MASSIMO,315,MOVIMENTO 5 STELLE BEPPEGRILLO.IT,
CHARVENSOD,GUICHARDAZ JEAN PIERRE,273,AUTONOMIE LIBERTE' DEMOCRATIE,
CHARVENSOD,MELONI GIORGIA,43,FRATELLI D'ITALIA,
CHARVENSOD,SPELGATTI NICOLETTA,35,LEGA NORD,
CHARVENSOD,BUILLET FABRIZIO,25,FARE PER FERMARE IL DECLINO,
CHARVENSOD,BRINGHEN LUCA,22,UNIONE DI CENTRO,
CHARVENSOD,LADU ANDREA,7,CASAPOUND ITALIA,
CHARVENSOD,CAMPION EROS,2,NATION VAL D'OUTA,
CHATILLON,VIERIN LAURENT,746,UNION VALDOTAINE PROGRESSISTE,
CHATILLON,MARGUERETTAZ RUDI FRANCO,724,VALLEE D'AOSTE,
CHATILLON,COGNETTA ROBERTO UGO MASSIMO,560,MOVIMENTO 5 STELLE BEPPEGRILLO.IT,
CHATILLON,GUICHARDAZ JEAN PIERRE,491,AUTONOMIE LIBERTE' DEMOCRATIE,
CHATILLON,MELONI GIORGIA,110,FRATELLI D'ITALIA,
CHATILLON,SPELGATTI NICOLETTA,92,LEGA NORD,
CHATILLON,BRINGHEN LUCA,33,UNIONE DI CENTRO,
CHATILLON,BUILLET FABRIZIO,25,FARE PER FERMARE IL DECLINO,
CHATILLON,LADU ANDREA,18,CASAPOUND ITALIA,
CHATILLON,CAMPION EROS,10,NATION VAL D'OUTA,
COGNE,VIERIN LAURENT,273,UNION VALDOTAINE PROGRESSISTE,
COGNE,MARGUERETTAZ RUDI FRANCO,178,VALLEE D'AOSTE,
COGNE,COGNETTA ROBERTO UGO MASSIMO,125,MOVIMENTO 5 STELLE BEPPEGRILLO.IT,
COGNE,GUICHARDAZ JEAN PIERRE,120,AUTONOMIE LIBERTE' DEMOCRATIE,
COGNE,SPELGATTI NICOLETTA,36,LEGA NORD,
COGNE,MELONI GIORGIA,19,FRATELLI D'ITALIA,
COGNE,BRINGHEN LUCA,7,UNIONE DI CENTRO,
COGNE,BUILLET FABRIZIO,5,FARE PER FERMARE IL DECLINO,
COGNE,LADU ANDREA,3,CASAPOUND ITALIA,
COGNE,CAMPION EROS,2,NATION VAL D'OUTA,
COURMAYEUR,MARGUERETTAZ RUDI FRANCO,457,VALLEE D'AOSTE,
COURMAYEUR,VIERIN LAURENT,294,UNION VALDOTAINE PROGRESSISTE,
COURMAYEUR,COGNETTA ROBERTO UGO MASSIMO,239,MOVIMENTO 5 STELLE BEPPEGRILLO.IT,
COURMAYEUR,GUICHARDAZ JEAN PIERRE,165,AUTONOMIE LIBERTE' DEMOCRATIE,
COURMAYEUR,MELONI GIORGIA,141,FRATELLI D'ITALIA,
COURMAYEUR,SPELGATTI NICOLETTA,104,LEGA NORD,
COURMAYEUR,BRINGHEN LUCA,37,UNIONE DI CENTRO,
COURMAYEUR,BUILLET FABRIZIO,27,FARE PER FERMARE IL DECLINO,
COURMAYEUR,LADU ANDREA,16,CASAPOUND ITALIA,
COURMAYEUR,CAMPION EROS,5,NATION VAL D'OUTA,
DONNAS,MARGUERETTAZ RUDI FRANCO,440,VALLEE D'AOSTE,
DONNAS,VIERIN LAURENT,394,UNION VALDOTAINE PROGRESSISTE,
DONNAS,COGNETTA ROBERTO UGO MASSIMO,296,MOVIMENTO 5 STELLE BEPPEGRILLO.IT,
DONNAS,GUICHARDAZ JEAN PIERRE,267,AUTONOMIE LIBERTE' DEMOCRATIE,
DONNAS,SPELGATTI NICOLETTA,46,LEGA NORD,
DONNAS,MELONI GIORGIA,42,FRATELLI D'ITALIA,
DONNAS,BRINGHEN LUCA,18,UNIONE DI CENTRO,
DONNAS,BUILLET FABRIZIO,17,FARE PER FERMARE IL DECLINO,
DONNAS,LADU ANDREA,6,CASAPOUND ITALIA,
DONNAS,CAMPION EROS,1,NATION VAL D'OUTA,
DOUES,MARGUERETTAZ RUDI FRANCO,110,VALLEE D'AOSTE,
DOUES,VIERIN LAURENT,103,UNION VALDOTAINE PROGRESSISTE,
DOUES,GUICHARDAZ JEAN PIERRE,48,AUTONOMIE LIBERTE' DEMOCRATIE,
DOUES,COGNETTA ROBERTO UGO MASSIMO,26,MOVIMENTO 5 STELLE BEPPEGRILLO.IT,
DOUES,SPELGATTI NICOLETTA,8,LEGA NORD,
DOUES,BRINGHEN LUCA,4,UNIONE DI CENTRO,
DOUES,MELONI GIORGIA,3,FRATELLI D'ITALIA,
DOUES,BUILLET FABRIZIO,1,FARE PER FERMARE IL DECLINO,
DOUES,LADU ANDREA,0,CASAPOUND ITALIA,
DOUES,CAMPION EROS,0,NATION VAL D'OUTA,
EMARESE,MARGUERETTAZ RUDI FRANCO,57,VALLEE D'AOSTE,
EMARESE,VIERIN LAURENT,46,UNION VALDOTAINE PROGRESSISTE,
EMARESE,COGNETTA ROBERTO UGO MASSIMO,22,MOVIMENTO 5 STELLE BEPPEGRILLO.IT,
EMARESE,GUICHARDAZ JEAN PIERRE,12,AUTONOMIE LIBERTE' DEMOCRATIE,
EMARESE,MELONI GIORGIA,6,FRATELLI D'ITALIA,
EMARESE,BRINGHEN LUCA,3,UNIONE DI CENTRO,
EMARESE,LADU ANDREA,1,CASAPOUND ITALIA,
EMARESE,BUILLET FABRIZIO,1,FARE PER FERMARE IL DECLINO,
EMARESE,SPELGATTI NICOLETTA,0,LEGA NORD,
EMARESE,CAMPION EROS,0,NATION VAL D'OUTA,
ETROUBLES,MARGUERETTAZ RUDI FRANCO,87,VALLEE D'AOSTE,
ETROUBLES,VIERIN LAURENT,71,UNION VALDOTAINE PROGRESSISTE,
ETROUBLES,GUICHARDAZ JEAN PIERRE,49,AUTONOMIE LIBERTE' DEMOCRATIE,
ETROUBLES,COGNETTA ROBERTO UGO MASSIMO,44,MOVIMENTO 5 STELLE BEPPEGRILLO.IT,
ETROUBLES,BUILLET FABRIZIO,17,FARE PER FERMARE IL DECLINO,
ETROUBLES,MELONI GIORGIA,10,FRATELLI D'ITALIA,
ETROUBLES,BRINGHEN LUCA,4,UNIONE DI CENTRO,
ETROUBLES,SPELGATTI NICOLETTA,3,LEGA NORD,
ETROUBLES,CAMPION EROS,2,NATION VAL D'OUTA,
ETROUBLES,LADU ANDREA,0,CASAPOUND ITALIA,
FENIS,VIERIN LAURENT,332,UNION VALDOTAINE PROGRESSISTE,
FENIS,MARGUERETTAZ RUDI FRANCO,221,VALLEE D'AOSTE,
FENIS,COGNETTA ROBERTO UGO MASSIMO,204,MOVIMENTO 5 STELLE BEPPEGRILLO.IT,
FENIS,GUICHARDAZ JEAN PIERRE,167,AUTONOMIE LIBERTE' DEMOCRATIE,
FENIS,MELONI GIORGIA,25,FRATELLI D'ITALIA,
FENIS,SPELGATTI NICOLETTA,21,LEGA NORD,
FENIS,BRINGHEN LUCA,10,UNIONE DI CENTRO,
FENIS,LADU ANDREA,6,CASAPOUND ITALIA,
FENIS,BUILLET FABRIZIO,6,FARE PER FERMARE IL DECLINO,
FENIS,CAMPION EROS,3,NATION VAL D'OUTA,
FONTAINEMORE,MARGUERETTAZ RUDI FRANCO,95,VALLEE D'AOSTE,
FONTAINEMORE,GUICHARDAZ JEAN PIERRE,59,AUTONOMIE LIBERTE' DEMOCRATIE,
FONTAINEMORE,VIERIN LAURENT,55,UNION VALDOTAINE PROGRESSISTE,
FONTAINEMORE,COGNETTA ROBERTO UGO MASSIMO,31,MOVIMENTO 5 STELLE BEPPEGRILLO.IT,
FONTAINEMORE,BRINGHEN LUCA,5,UNIONE DI CENTRO,
FONTAINEMORE,MELONI GIORGIA,4,FRATELLI D'ITALIA,
FONTAINEMORE,SPELGATTI NICOLETTA,3,LEGA NORD,
FONTAINEMORE,BUILLET FABRIZIO,2,FARE PER FERMARE IL DECLINO,
FONTAINEMORE,LADU ANDREA,1,CASAPOUND ITALIA,
FONTAINEMORE,CAMPION EROS,0,NATION VAL D'OUTA,
GABY,VIERIN LAURENT,105,UNION VALDOTAINE PROGRESSISTE,
GABY,MARGUERETTAZ RUDI FRANCO,100,VALLEE D'AOSTE,
GABY,GUICHARDAZ JEAN PIERRE,45,AUTONOMIE LIBERTE' DEMOCRATIE,
GABY,COGNETTA ROBERTO UGO MASSIMO,38,MOVIMENTO 5 STELLE BEPPEGRILLO.IT,
GABY,BUILLET FABRIZIO,8,FARE PER FERMARE IL DECLINO,
GABY,MELONI GIORGIA,3,FRATELLI D'ITALIA,
GABY,BRINGHEN LUCA,3,UNIONE DI CENTRO,
GABY,LADU ANDREA,0,CASAPOUND ITALIA,
GABY,SPELGATTI NICOLETTA,0,LEGA NORD,
GABY,CAMPION EROS,0,NATION VAL D'OUTA,
GIGNOD,GUICHARDAZ JEAN PIERRE,221,AUTONOMIE LIBERTE' DEMOCRATIE,
GIGNOD,VIERIN LAURENT,210,UNION VALDOTAINE PROGRESSISTE,
GIGNOD,MARGUERETTAZ RUDI FRANCO,208,VALLEE D'AOSTE,
GIGNOD,COGNETTA ROBERTO UGO MASSIMO,204,MOVIMENTO 5 STELLE BEPPEGRILLO.IT,
GIGNOD,SPELGATTI NICOLETTA,22,LEGA NORD,
GIGNOD,BRINGHEN LUCA,13,UNIONE DI CENTRO,
GIGNOD,BUILLET FABRIZIO,12,FARE PER FERMARE IL DECLINO,
GIGNOD,MELONI GIORGIA,11,FRATELLI D'ITALIA,
GIGNOD,LADU ANDREA,6,CASAPOUND ITALIA,
GIGNOD,CAMPION EROS,1,NATION VAL D'OUTA,
GRESSAN,VIERIN LAURENT,716,UNION VALDOTAINE PROGRESSISTE,
GRESSAN,MARGUERETTAZ RUDI FRANCO,413,VALLEE D'AOSTE,
GRESSAN,COGNETTA ROBERTO UGO MASSIMO,347,MOVIMENTO 5 STELLE BEPPEGRILLO.IT,
GRESSAN,GUICHARDAZ JEAN PIERRE,342,AUTONOMIE LIBERTE' DEMOCRATIE,
GRESSAN,MELONI GIORGIA,76,FRATELLI D'ITALIA,
GRESSAN,SPELGATTI NICOLETTA,43,LEGA NORD,
GRESSAN,BRINGHEN LUCA,21,UNIONE DI CENTRO,
GRESSAN,LADU ANDREA,18,CASAPOUND ITALIA,
GRESSAN,BUILLET FABRIZIO,18,FARE PER FERMARE IL DECLINO,
GRESSAN,CAMPION EROS,1,NATION VAL D'OUTA,
GRESSONEY-LA-TRINITE',VIERIN LAURENT,62,UNION VALDOTAINE PROGRESSISTE,
GRESSONEY-LA-TRINITE',COGNETTA ROBERTO UGO MASSIMO,48,MOVIMENTO 5 STELLE BEPPEGRILLO.IT,
GRESSONEY-LA-TRINITE',GUICHARDAZ JEAN PIERRE,26,AUTONOMIE LIBERTE' DEMOCRATIE,
GRESSONEY-LA-TRINITE',MARGUERETTAZ RUDI FRANCO,25,VALLEE D'AOSTE,
GRESSONEY-LA-TRINITE',MELONI GIORGIA,9,FRATELLI D'ITALIA,
GRESSONEY-LA-TRINITE',BRINGHEN LUCA,4,UNIONE DI CENTRO,
GRESSONEY-LA-TRINITE',SPELGATTI NICOLETTA,4,LEGA NORD,
GRESSONEY-LA-TRINITE',LADU ANDREA,0,CASAPOUND ITALIA,
GRESSONEY-LA-TRINITE',BUILLET FABRIZIO,0,FARE PER FERMARE IL DECLINO,
GRESSONEY-LA-TRINITE',CAMPION EROS,0,NATION VAL D'OUTA,
GRESSONEY-SAINT-JEAN,VIERIN LAURENT,170,UNION VALDOTAINE PROGRESSISTE,
GRESSONEY-SAINT-JEAN,MARGUERETTAZ RUDI FRANCO,107,VALLEE D'AOSTE,
GRESSONEY-SAINT-JEAN,COGNETTA ROBERTO UGO MASSIMO,71,MOVIMENTO 5 STELLE BEPPEGRILLO.IT,
GRESSONEY-SAINT-JEAN,GUICHARDAZ JEAN PIERRE,67,AUTONOMIE LIBERTE' DEMOCRATIE,
GRESSONEY-SAINT-JEAN,SPELGATTI NICOLETTA,25,LEGA NORD,
GRESSONEY-SAINT-JEAN,MELONI GIORGIA,21,FRATELLI D'ITALIA,
GRESSONEY-SAINT-JEAN,BRINGHEN LUCA,13,UNIONE DI CENTRO,
GRESSONEY-SAINT-JEAN,CAMPION EROS,2,NATION VAL D'OUTA,
GRESSONEY-SAINT-JEAN,BUILLET FABRIZIO,1,FARE PER FERMARE IL DECLINO,
GRESSONEY-SAINT-JEAN,LADU ANDREA,0,CASAPOUND ITALIA,
HONE,VIERIN LAURENT,336,UNION VALDOTAINE PROGRESSISTE,
HONE,MARGUERETTAZ RUDI FRANCO,154,VALLEE D'AOSTE,
HONE,COGNETTA ROBERTO UGO MASSIMO,125,MOVIMENTO 5 STELLE BEPPEGRILLO.IT,
HONE,GUICHARDAZ JEAN PIERRE,74,AUTONOMIE LIBERTE' DEMOCRATIE,
HONE,SPELGATTI NICOLETTA,15,LEGA NORD,
HONE,MELONI GIORGIA,8,FRATELLI D'ITALIA,
HONE,BUILLET FABRIZIO,6,FARE PER FERMARE IL DECLINO,
HONE,BRINGHEN LUCA,5,UNIONE DI CENTRO,
HONE,LADU ANDREA,3,CASAPOUND ITALIA,
HONE,CAMPION EROS,1,NATION VAL D'OUTA,
INTROD,VIERIN LAURENT,120,UNION VALDOTAINE PROGRESSISTE,
INTROD,MARGUERETTAZ RUDI FRANCO,87,VALLEE D'AOSTE,
INTROD,GUICHARDAZ JEAN PIERRE,71,AUTONOMIE LIBERTE' DEMOCRATIE,
INTROD,COGNETTA ROBERTO UGO MASSIMO,40,MOVIMENTO 5 STELLE BEPPEGRILLO.IT,
INTROD,SPELGATTI NICOLETTA,14,LEGA NORD,
INTROD,MELONI GIORGIA,8,FRATELLI D'ITALIA,
INTROD,BRINGHEN LUCA,7,UNIONE DI CENTRO,
INTROD,BUILLET FABRIZIO,4,FARE PER FERMARE IL DECLINO,
INTROD,CAMPION EROS,2,NATION VAL D'OUTA,
INTROD,LADU ANDREA,1,CASAPOUND ITALIA,
ISSIME,VIERIN LAURENT,78,UNION VALDOTAINE PROGRESSISTE,
ISSIME,MARGUERETTAZ RUDI FRANCO,75,VALLEE D'AOSTE,
ISSIME,COGNETTA ROBERTO UGO MASSIMO,27,MOVIMENTO 5 STELLE BEPPEGRILLO.IT,
ISSIME,GUICHARDAZ JEAN PIERRE,27,AUTONOMIE LIBERTE' DEMOCRATIE,
ISSIME,SPELGATTI NICOLETTA,13,LEGA NORD,
ISSIME,MELONI GIORGIA,10,FRATELLI D'ITALIA,
ISSIME,BRINGHEN LUCA,3,UNIONE DI CENTRO,
ISSIME,LADU ANDREA,2,CASAPOUND ITALIA,
ISSIME,BUILLET FABRIZIO,0,FARE PER FERMARE IL DECLINO,
ISSIME,CAMPION EROS,0,NATION VAL D'OUTA,
ISSOGNE,MARGUERETTAZ RUDI FRANCO,242,VALLEE D'AOSTE,
ISSOGNE,VIERIN LAURENT,216,UNION VALDOTAINE PROGRESSISTE,
ISSOGNE,GUICHARDAZ JEAN PIERRE,188,AUTONOMIE LIBERTE' DEMOCRATIE,
ISSOGNE,COGNETTA ROBERTO UGO MASSIMO,122,MOVIMENTO 5 STELLE BEPPEGRILLO.IT,
ISSOGNE,SPELGATTI NICOLETTA,24,LEGA NORD,
ISSOGNE,BRINGHEN LUCA,8,UNIONE DI CENTRO,
ISSOGNE,MELONI GIORGIA,7,FRATELLI D'ITALIA,
ISSOGNE,BUILLET FABRIZIO,6,FARE PER FERMARE IL DECLINO,
ISSOGNE,LADU ANDREA,4,CASAPOUND ITALIA,
ISSOGNE,CAMPION EROS,2,NATION VAL D'OUTA,
JOVENCAN,VIERIN LAURENT,221,UNION VALDOTAINE PROGRESSISTE,
JOVENCAN,MARGUERETTAZ RUDI FRANCO,79,VALLEE D'AOSTE,
JOVENCAN,GUICHARDAZ JEAN PIERRE,64,AUTONOMIE LIBERTE' DEMOCRATIE,
JOVENCAN,COGNETTA ROBERTO UGO MASSIMO,46,MOVIMENTO 5 STELLE BEPPEGRILLO.IT,
JOVENCAN,BRINGHEN LUCA,11,UNIONE DI CENTRO,
JOVENCAN,SPELGATTI NICOLETTA,7,LEGA NORD,
JOVENCAN,LADU ANDREA,6,CASAPOUND ITALIA,
JOVENCAN,MELONI GIORGIA,5,FRATELLI D'ITALIA,
JOVENCAN,BUILLET FABRIZIO,2,FARE PER FERMARE IL DECLINO,
JOVENCAN,CAMPION EROS,1,NATION VAL D'OUTA,
LA MAGDELEINE,VIERIN LAURENT,25,UNION VALDOTAINE PROGRESSISTE,
LA MAGDELEINE,MARGUERETTAZ RUDI FRANCO,19,VALLEE D'AOSTE,
LA MAGDELEINE,GUICHARDAZ JEAN PIERRE,10,AUTONOMIE LIBERTE' DEMOCRATIE,
LA MAGDELEINE,COGNETTA ROBERTO UGO MASSIMO,9,MOVIMENTO 5 STELLE BEPPEGRILLO.IT,
LA MAGDELEINE,SPELGATTI NICOLETTA,5,LEGA NORD,
LA MAGDELEINE,MELONI GIORGIA,4,FRATELLI D'ITALIA,
LA MAGDELEINE,BRINGHEN LUCA,2,UNIONE DI CENTRO,
LA MAGDELEINE,CAMPION EROS,1,NATION VAL D'OUTA,
LA MAGDELEINE,LADU ANDREA,0,CASAPOUND ITALIA,
LA MAGDELEINE,BUILLET FABRIZIO,0,FARE PER FERMARE IL DECLINO,
LA SALLE,VIERIN LAURENT,390,UNION VALDOTAINE PROGRESSISTE,
LA SALLE,MARGUERETTAZ RUDI FRANCO,212,VALLEE D'AOSTE,
LA SALLE,COGNETTA ROBERTO UGO MASSIMO,176,MOVIMENTO 5 STELLE BEPPEGRILLO.IT,
LA SALLE,GUICHARDAZ JEAN PIERRE,168,AUTONOMIE LIBERTE' DEMOCRATIE,
LA SALLE,MELONI GIORGIA,39,FRATELLI D'ITALIA,
LA SALLE,SPELGATTI NICOLETTA,31,LEGA NORD,
LA SALLE,BRINGHEN LUCA,22,UNIONE DI CENTRO,
LA SALLE,BUILLET FABRIZIO,14,FARE PER FERMARE IL DECLINO,
LA SALLE,LADU ANDREA,8,CASAPOUND ITALIA,
LA SALLE,CAMPION EROS,3,NATION VAL D'OUTA,
LA THUILE,VIERIN LAURENT,182,UNION VALDOTAINE PROGRESSISTE,
LA THUILE,MARGUERETTAZ RUDI FRANCO,144,VALLEE D'AOSTE,
LA THUILE,COGNETTA ROBERTO UGO MASSIMO,68,MOVIMENTO 5 STELLE BEPPEGRILLO.IT,
LA THUILE,GUICHARDAZ JEAN PIERRE,39,AUTONOMIE LIBERTE' DEMOCRATIE,
LA THUILE,MELONI GIORGIA,20,FRATELLI D'ITALIA,
LA THUILE,SPELGATTI NICOLETTA,16,LEGA NORD,
LA THUILE,BRINGHEN LUCA,8,UNIONE DI CENTRO,
LA THUILE,BUILLET FABRIZIO,3,FARE PER FERMARE IL DECLINO,
LA THUILE,LADU ANDREA,2,CASAPOUND ITALIA,
LA THUILE,CAMPION EROS,0,NATION VAL D'OUTA,
LILLIANES,MARGUERETTAZ RUDI FRANCO,101,VALLEE D'AOSTE,
LILLIANES,VIERIN LAURENT,72,UNION VALDOTAINE PROGRESSISTE,
LILLIANES,COGNETTA ROBERTO UGO MASSIMO,33,MOVIMENTO 5 STELLE BEPPEGRILLO.IT,
LILLIANES,GUICHARDAZ JEAN PIERRE,24,AUTONOMIE LIBERTE' DEMOCRATIE,
LILLIANES,SPELGATTI NICOLETTA,7,LEGA NORD,
LILLIANES,MELONI GIORGIA,3,FRATELLI D'ITALIA,
LILLIANES,BRINGHEN LUCA,2,UNIONE DI CENTRO,
LILLIANES,LADU ANDREA,1,CASAPOUND ITALIA,
LILLIANES,BUILLET FABRIZIO,0,FARE PER FERMARE IL DECLINO,
LILLIANES,CAMPION EROS,0,NATION VAL D'OUTA,
MONTJOVET,MARGUERETTAZ RUDI FRANCO,324,VALLEE D'AOSTE,
MONTJOVET,VIERIN LAURENT,251,UNION VALDOTAINE PROGRESSISTE,
MONTJOVET,COGNETTA ROBERTO UGO MASSIMO,210,MOVIMENTO 5 STELLE BEPPEGRILLO.IT,
MONTJOVET,GUICHARDAZ JEAN PIERRE,165,AUTONOMIE LIBERTE' DEMOCRATIE,
MONTJOVET,MELONI GIORGIA,35,FRATELLI D'ITALIA,
MONTJOVET,SPELGATTI NICOLETTA,28,LEGA NORD,
MONTJOVET,LADU ANDREA,5,CASAPOUND ITALIA,
MONTJOVET,BRINGHEN LUCA,5,UNIONE DI CENTRO,
MONTJOVET,BUILLET FABRIZIO,2,FARE PER FERMARE IL DECLINO,
MONTJOVET,CAMPION EROS,1,NATION VAL D'OUTA,
MORGEX,VIERIN LAURENT,313,UNION VALDOTAINE PROGRESSISTE,
MORGEX,GUICHARDAZ JEAN PIERRE,224,AUTONOMIE LIBERTE' DEMOCRATIE,
MORGEX,MARGUERETTAZ RUDI FRANCO,213,VALLEE D'AOSTE,
MORGEX,COGNETTA ROBERTO UGO MASSIMO,190,MOVIMENTO 5 STELLE BEPPEGRILLO.IT,
MORGEX,SPELGATTI NICOLETTA,76,LEGA NORD,
MORGEX,MELONI GIORGIA,64,FRATELLI D'ITALIA,
MORGEX,BRINGHEN LUCA,29,UNIONE DI CENTRO,
MORGEX,BUILLET FABRIZIO,14,FARE PER FERMARE IL DECLINO,
MORGEX,LADU ANDREA,11,CASAPOUND ITALIA,
MORGEX,CAMPION EROS,0,NATION VAL D'OUTA,
NUS,VIERIN LAURENT,462,UNION VALDOTAINE PROGRESSISTE,
NUS,MARGUERETTAZ RUDI FRANCO,409,VALLEE D'AOSTE,
NUS,GUICHARDAZ JEAN PIERRE,322,AUTONOMIE LIBERTE' DEMOCRATIE,
NUS,COGNETTA ROBERTO UGO MASSIMO,297,MOVIMENTO 5 STELLE BEPPEGRILLO.IT,
NUS,MELONI GIORGIA,69,FRATELLI D'ITALIA,
NUS,SPELGATTI NICOLETTA,51,LEGA NORD,
NUS,BRINGHEN LUCA,19,UNIONE DI CENTRO,
NUS,LADU ANDREA,16,CASAPOUND ITALIA,
NUS,BUILLET FABRIZIO,10,FARE PER FERMARE IL DECLINO,
NUS,CAMPION EROS,3,NATION VAL D'OUTA,
OLLOMONT,VIERIN LAURENT,42,UNION VALDOTAINE PROGRESSISTE,
OLLOMONT,MARGUERETTAZ RUDI FRANCO,23,VALLEE D'AOSTE,
OLLOMONT,COGNETTA ROBERTO UGO MASSIMO,20,MOVIMENTO 5 STELLE BEPPEGRILLO.IT,
OLLOMONT,GUICHARDAZ JEAN PIERRE,13,AUTONOMIE LIBERTE' DEMOCRATIE,
OLLOMONT,MELONI GIORGIA,4,FRATELLI D'ITALIA,
OLLOMONT,LADU ANDREA,1,CASAPOUND ITALIA,
OLLOMONT,SPELGATTI NICOLETTA,1,LEGA NORD,
OLLOMONT,BRINGHEN LUCA,0,UNIONE DI CENTRO,
OLLOMONT,BUILLET FABRIZIO,0,FARE PER FERMARE IL DECLINO,
OLLOMONT,CAMPION EROS,0,NATION VAL D'OUTA,
OYACE,MARGUERETTAZ RUDI FRANCO,44,VALLEE D'AOSTE,
OYACE,VIERIN LAURENT,40,UNION VALDOTAINE PROGRESSISTE,
OYACE,GUICHARDAZ JEAN PIERRE,28,AUTONOMIE LIBERTE' DEMOCRATIE,
OYACE,COGNETTA ROBERTO UGO MASSIMO,7,MOVIMENTO 5 STELLE BEPPEGRILLO.IT,
OYACE,MELONI GIORGIA,5,FRATELLI D'ITALIA,
OYACE,SPELGATTI NICOLETTA,2,LEGA NORD,
OYACE,BRINGHEN LUCA,1,UNIONE DI CENTRO,
OYACE,BUILLET FABRIZIO,1,FARE PER FERMARE IL DECLINO,
OYACE,CAMPION EROS,1,NATION VAL D'OUTA,
OYACE,LADU ANDREA,0,CASAPOUND ITALIA,
PERLOZ,VIERIN LAURENT,85,UNION VALDOTAINE PROGRESSISTE,
PERLOZ,MARGUERETTAZ RUDI FRANCO,79,VALLEE D'AOSTE,
PERLOZ,GUICHARDAZ JEAN PIERRE,44,AUTONOMIE LIBERTE' DEMOCRATIE,
PERLOZ,COGNETTA ROBERTO UGO MASSIMO,42,MOVIMENTO 5 STELLE BEPPEGRILLO.IT,
PERLOZ,SPELGATTI NICOLETTA,7,LEGA NORD,
PERLOZ,BRINGHEN LUCA,7,UNIONE DI CENTRO,
PERLOZ,MELONI GIORGIA,2,FRATELLI D'ITALIA,
PERLOZ,CAMPION EROS,1,NATION VAL D'OUTA,
PERLOZ,LADU ANDREA,0,CASAPOUND ITALIA,
PERLOZ,BUILLET FABRIZIO,0,FARE PER FERMARE IL DECLINO,
POLLEIN,MARGUERETTAZ RUDI FRANCO,313,VALLEE D'AOSTE,
POLLEIN,VIERIN LAURENT,200,UNION VALDOTAINE PROGRESSISTE,
POLLEIN,COGNETTA ROBERTO UGO MASSIMO,184,MOVIMENTO 5 STELLE BEPPEGRILLO.IT,
POLLEIN,GUICHARDAZ JEAN PIERRE,169,AUTONOMIE LIBERTE' DEMOCRATIE,
POLLEIN,MELONI GIORGIA,47,FRATELLI D'ITALIA,
POLLEIN,SPELGATTI NICOLETTA,26,LEGA NORD,
POLLEIN,LADU ANDREA,21,CASAPOUND ITALIA,
POLLEIN,BRINGHEN LUCA,8,UNIONE DI CENTRO,
POLLEIN,BUILLET FABRIZIO,6,FARE PER FERMARE IL DECLINO,
POLLEIN,CAMPION EROS,1,NATION VAL D'OUTA,
PONT-SAINT-MARTIN,MARGUERETTAZ RUDI FRANCO,609,VALLEE D'AOSTE,
PONT-SAINT-MARTIN,COGNETTA ROBERTO UGO MASSIMO,499,MOVIMENTO 5 STELLE BEPPEGRILLO.IT,
PONT-SAINT-MARTIN,VIERIN LAURENT,496,UNION VALDOTAINE PROGRESSISTE,
PONT-SAINT-MARTIN,GUICHARDAZ JEAN PIERRE,376,AUTONOMIE LIBERTE' DEMOCRATIE,
PONT-SAINT-MARTIN,MELONI GIORGIA,84,FRATELLI D'ITALIA,
PONT-SAINT-MARTIN,BRINGHEN LUCA,75,UNIONE DI CENTRO,
PONT-SAINT-MARTIN,SPELGATTI NICOLETTA,67,LEGA NORD,
PONT-SAINT-MARTIN,BUILLET FABRIZIO,18,FARE PER FERMARE IL DECLINO,
PONT-SAINT-MARTIN,LADU ANDREA,12,CASAPOUND ITALIA,
PONT-SAINT-MARTIN,CAMPION EROS,6,NATION VAL D'OUTA,
PONTBOSET,VIERIN LAURENT,35,UNION VALDOTAINE PROGRESSISTE,
PONTBOSET,COGNETTA ROBERTO UGO MASSIMO,31,MOVIMENTO 5 STELLE BEPPEGRILLO.IT,
PONTBOSET,MARGUERETTAZ RUDI FRANCO,25,VALLEE D'AOSTE,
PONTBOSET,GUICHARDAZ JEAN PIERRE,16,AUTONOMIE LIBERTE' DEMOCRATIE,
PONTBOSET,MELONI GIORGIA,2,FRATELLI D'ITALIA,
PONTBOSET,SPELGATTI NICOLETTA,2,LEGA NORD,
PONTBOSET,BRINGHEN LUCA,1,UNIONE DI CENTRO,
PONTBOSET,LADU ANDREA,0,CASAPOUND ITALIA,
PONTBOSET,BUILLET FABRIZIO,0,FARE PER FERMARE IL DECLINO,
PONTBOSET,CAMPION EROS,0,NATION VAL D'OUTA,
PONTEY,MARGUERETTAZ RUDI FRANCO,157,VALLEE D'AOSTE,
PONTEY,VIERIN LAURENT,148,UNION VALDOTAINE PROGRESSISTE,
PONTEY,GUICHARDAZ JEAN PIERRE,77,AUTONOMIE LIBERTE' DEMOCRATIE,
PONTEY,COGNETTA ROBERTO UGO MASSIMO,74,MOVIMENTO 5 STELLE BEPPEGRILLO.IT,
PONTEY,SPELGATTI NICOLETTA,17,LEGA NORD,
PONTEY,MELONI GIORGIA,14,FRATELLI D'ITALIA,
PONTEY,BRINGHEN LUCA,5,UNIONE DI CENTRO,
PONTEY,BUILLET FABRIZIO,4,FARE PER FERMARE IL DECLINO,
PONTEY,LADU ANDREA,3,CASAPOUND ITALIA,
PONTEY,CAMPION EROS,0,NATION VAL D'OUTA,
PRE'-SAINT-DIDIER,MARGUERETTAZ RUDI FRANCO,164,VALLEE D'AOSTE,
PRE'-SAINT-DIDIER,VIERIN LAURENT,122,UNION VALDOTAINE PROGRESSISTE,
PRE'-SAINT-DIDIER,COGNETTA ROBERTO UGO MASSIMO,99,MOVIMENTO 5 STELLE BEPPEGRILLO.IT,
PRE'-SAINT-DIDIER,GUICHARDAZ JEAN PIERRE,60,AUTONOMIE LIBERTE' DEMOCRATIE,
PRE'-SAINT-DIDIER,MELONI GIORGIA,51,FRATELLI D'ITALIA,
PRE'-SAINT-DIDIER,SPELGATTI NICOLETTA,21,LEGA NORD,
PRE'-SAINT-DIDIER,BRINGHEN LUCA,15,UNIONE DI CENTRO,
PRE'-SAINT-DIDIER,BUILLET FABRIZIO,9,FARE PER FERMARE IL DECLINO,
PRE'-SAINT-DIDIER,LADU ANDREA,6,CASAPOUND ITALIA,
PRE'-SAINT-DIDIER,CAMPION EROS,2,NATION VAL D'OUTA,
QUART,VIERIN LAURENT,633,UNION VALDOTAINE PROGRESSISTE,
QUART,MARGUERETTAZ RUDI FRANCO,539,VALLEE D'AOSTE,
QUART,COGNETTA ROBERTO UGO MASSIMO,526,MOVIMENTO 5 STELLE BEPPEGRILLO.IT,
QUART,GUICHARDAZ JEAN PIERRE,413,AUTONOMIE LIBERTE' DEMOCRATIE,
QUART,MELONI GIORGIA,84,FRATELLI D'ITALIA,
QUART,SPELGATTI NICOLETTA,65,LEGA NORD,
QUART,BRINGHEN LUCA,46,UNIONE DI CENTRO,
QUART,BUILLET FABRIZIO,13,FARE PER FERMARE IL DECLINO,
QUART,LADU ANDREA,5,CASAPOUND ITALIA,
QUART,CAMPION EROS,4,NATION VAL D'OUTA,
RHEMES-NOTRE-DAME,VIERIN LAURENT,17,UNION VALDOTAINE PROGRESSISTE,
RHEMES-NOTRE-DAME,MARGUERETTAZ RUDI FRANCO,12,VALLEE D'AOSTE,
RHEMES-NOTRE-DAME,COGNETTA ROBERTO UGO MASSIMO,10,MOVIMENTO 5 STELLE BEPPEGRILLO.IT,
RHEMES-NOTRE-DAME,GUICHARDAZ JEAN PIERRE,8,AUTONOMIE LIBERTE' DEMOCRATIE,
RHEMES-NOTRE-DAME,MELONI GIORGIA,1,FRATELLI D'ITALIA,
RHEMES-NOTRE-DAME,BUILLET FABRIZIO,1,FARE PER FERMARE IL DECLINO,
RHEMES-NOTRE-DAME,LADU ANDREA,0,CASAPOUND ITALIA,
RHEMES-NOTRE-DAME,BRINGHEN LUCA,0,UNIONE DI CENTRO,
RHEMES-NOTRE-DAME,SPELGATTI NICOLETTA,0,LEGA NORD,
RHEMES-NOTRE-DAME,CAMPION EROS,0,NATION VAL D'OUTA,
RHEMES-SAINT-GEORGES,VIERIN LAURENT,76,UNION VALDOTAINE PROGRESSISTE,
RHEMES-SAINT-GEORGES,MARGUERETTAZ RUDI FRANCO,18,VALLEE D'AOSTE,
RHEMES-SAINT-GEORGES,COGNETTA ROBERTO UGO MASSIMO,14,MOVIMENTO 5 STELLE BEPPEGRILLO.IT,
RHEMES-SAINT-GEORGES,GUICHARDAZ JEAN PIERRE,8,AUTONOMIE LIBERTE' DEMOCRATIE,
RHEMES-SAINT-GEORGES,MELONI GIORGIA,1,FRATELLI D'ITALIA,
RHEMES-SAINT-GEORGES,LADU ANDREA,0,CASAPOUND ITALIA,
RHEMES-SAINT-GEORGES,BRINGHEN LUCA,0,UNIONE DI CENTRO,
RHEMES-SAINT-GEORGES,BUILLET FABRIZIO,0,FARE PER FERMARE IL DECLINO,
RHEMES-SAINT-GEORGES,SPELGATTI NICOLETTA,0,LEGA NORD,
RHEMES-SAINT-GEORGES,CAMPION EROS,0,NATION VAL D'OUTA,
ROISAN,VIERIN LAURENT,150,UNION VALDOTAINE PROGRESSISTE,
ROISAN,GUICHARDAZ JEAN PIERRE,126,AUTONOMIE LIBERTE' DEMOCRATIE,
ROISAN,MARGUERETTAZ RUDI FRANCO,107,VALLEE D'AOSTE,
ROISAN,COGNETTA ROBERTO UGO MASSIMO,88,MOVIMENTO 5 STELLE BEPPEGRILLO.IT,
ROISAN,SPELGATTI NICOLETTA,25,LEGA NORD,
ROISAN,MELONI GIORGIA,23,FRATELLI D'ITALIA,
ROISAN,BRINGHEN LUCA,6,UNIONE DI CENTRO,
ROISAN,LADU ANDREA,5,CASAPOUND ITALIA,
ROISAN,BUILLET FABRIZIO,3,FARE PER FERMARE IL DECLINO,
ROISAN,CAMPION EROS,0,NATION VAL D'OUTA,
SAINT-CHRISTOPHE,VIERIN LAURENT,538,UNION VALDOTAINE PROGRESSISTE,
SAINT-CHRISTOPHE,MARGUERETTAZ RUDI FRANCO,482,VALLEE D'AOSTE,
SAINT-CHRISTOPHE,GUICHARDAZ JEAN PIERRE,478,AUTONOMIE LIBERTE' DEMOCRATIE,
SAINT-CHRISTOPHE,COGNETTA ROBERTO UGO MASSIMO,389,MOVIMENTO 5 STELLE BEPPEGRILLO.IT,
SAINT-CHRISTOPHE,MELONI GIORGIA,69,FRATELLI D'ITALIA,
SAINT-CHRISTOPHE,SPELGATTI NICOLETTA,47,LEGA NORD,
SAINT-CHRISTOPHE,BRINGHEN LUCA,25,UNIONE DI CENTRO,
SAINT-CHRISTOPHE,BUILLET FABRIZIO,17,FARE PER FERMARE IL DECLINO,
SAINT-CHRISTOPHE,CAMPION EROS,5,NATION VAL D'OUTA,
SAINT-CHRISTOPHE,LADU ANDREA,4,CASAPOUND ITALIA,
SAINT-DENIS,VIERIN LAURENT,81,UNION VALDOTAINE PROGRESSISTE,
SAINT-DENIS,MARGUERETTAZ RUDI FRANCO,47,VALLEE D'AOSTE,
SAINT-DENIS,GUICHARDAZ JEAN PIERRE,41,AUTONOMIE LIBERTE' DEMOCRATIE,
SAINT-DENIS,COGNETTA ROBERTO UGO MASSIMO,32,MOVIMENTO 5 STELLE BEPPEGRILLO.IT,
SAINT-DENIS,SPELGATTI NICOLETTA,6,LEGA NORD,
SAINT-DENIS,BUILLET FABRIZIO,4,FARE PER FERMARE IL DECLINO,
SAINT-DENIS,BRINGHEN LUCA,3,UNIONE DI CENTRO,
SAINT-DENIS,MELONI GIORGIA,2,FRATELLI D'ITALIA,
SAINT-DENIS,LADU ANDREA,0,CASAPOUND ITALIA,
SAINT-DENIS,CAMPION EROS,0,NATION VAL D'OUTA,
SAINT-MARCEL,VIERIN LAURENT,193,UNION VALDOTAINE PROGRESSISTE,
SAINT-MARCEL,GUICHARDAZ JEAN PIERRE,186,AUTONOMIE LIBERTE' DEMOCRATIE,
SAINT-MARCEL,MARGUERETTAZ RUDI FRANCO,170,VALLEE D'AOSTE,
SAINT-MARCEL,COGNETTA ROBERTO UGO MASSIMO,142,MOVIMENTO 5 STELLE BEPPEGRILLO.IT,
SAINT-MARCEL,MELONI GIORGIA,22,FRATELLI D'ITALIA,
SAINT-MARCEL,SPELGATTI NICOLETTA,18,LEGA NORD,
SAINT-MARCEL,BRINGHEN LUCA,15,UNIONE DI CENTRO,
SAINT-MARCEL,BUILLET FABRIZIO,5,FARE PER FERMARE IL DECLINO,
SAINT-MARCEL,CAMPION EROS,4,NATION VAL D'OUTA,
SAINT-MARCEL,LADU ANDREA,1,CASAPOUND ITALIA,
SAINT-NICOLAS,VIERIN LAURENT,70,UNION VALDOTAINE PROGRESSISTE,
SAINT-NICOLAS,MARGUERETTAZ RUDI FRANCO,42,VALLEE D'AOSTE,
SAINT-NICOLAS,COGNETTA ROBERTO UGO MASSIMO,33,MOVIMENTO 5 STELLE BEPPEGRILLO.IT,
SAINT-NICOLAS,GUICHARDAZ JEAN PIERRE,24,AUTONOMIE LIBERTE' DEMOCRATIE,
SAINT-NICOLAS,MELONI GIORGIA,5,FRATELLI D'ITALIA,
SAINT-NICOLAS,SPELGATTI NICOLETTA,3,LEGA NORD,
SAINT-NICOLAS,BUILLET FABRIZIO,2,FARE PER FERMARE IL DECLINO,
SAINT-NICOLAS,LADU ANDREA,1,CASAPOUND ITALIA,
SAINT-NICOLAS,BRINGHEN LUCA,0,UNIONE DI CENTRO,
SAINT-NICOLAS,CAMPION EROS,0,NATION VAL D'OUTA,
SAINT-OYEN,VIERIN LAURENT,46,UNION VALDOTAINE PROGRESSISTE,
SAINT-OYEN,MARGUERETTAZ RUDI FRANCO,42,VALLEE D'AOSTE,
SAINT-OYEN,GUICHARDAZ JEAN PIERRE,20,AUTONOMIE LIBERTE' DEMOCRATIE,
SAINT-OYEN,COGNETTA ROBERTO UGO MASSIMO,16,MOVIMENTO 5 STELLE BEPPEGRILLO.IT,
SAINT-OYEN,BRINGHEN LUCA,5,UNIONE DI CENTRO,
SAINT-OYEN,BUILLET FABRIZIO,2,FARE PER FERMARE IL DECLINO,
SAINT-OYEN,MELONI GIORGIA,1,FRATELLI D'ITALIA,
SAINT-OYEN,SPELGATTI NICOLETTA,1,LEGA NORD,
SAINT-OYEN,LADU ANDREA,0,CASAPOUND ITALIA,
SAINT-OYEN,CAMPION EROS,0,NATION VAL D'OUTA,
SAINT-PIERRE,VIERIN LAURENT,385,UNION VALDOTAINE PROGRESSISTE,
SAINT-PIERRE,GUICHARDAZ JEAN PIERRE,352,AUTONOMIE LIBERTE' DEMOCRATIE,
SAINT-PIERRE,MARGUERETTAZ RUDI FRANCO,347,VALLEE D'AOSTE,
SAINT-PIERRE,COGNETTA ROBERTO UGO MASSIMO,345,MOVIMENTO 5 STELLE BEPPEGRILLO.IT,
SAINT-PIERRE,MELONI GIORGIA,70,FRATELLI D'ITALIA,
SAINT-PIERRE,SPELGATTI NICOLETTA,57,LEGA NORD,
SAINT-PIERRE,BRINGHEN LUCA,41,UNIONE DI CENTRO,
SAINT-PIERRE,BUILLET FABRIZIO,21,FARE PER FERMARE IL DECLINO,
SAINT-PIERRE,LADU ANDREA,9,CASAPOUND ITALIA,
SAINT-PIERRE,CAMPION EROS,1,NATION VAL D'OUTA,
SAINT-RHEMY-EN-BOSSES,MARGUERETTAZ RUDI FRANCO,71,VALLEE D'AOSTE,
SAINT-RHEMY-EN-BOSSES,VIERIN LAURENT,65,UNION VALDOTAINE PROGRESSISTE,
SAINT-RHEMY-EN-BOSSES,COGNETTA ROBERTO UGO MASSIMO,44,MOVIMENTO 5 STELLE BEPPEGRILLO.IT,
SAINT-RHEMY-EN-BOSSES,GUICHARDAZ JEAN PIERRE,22,AUTONOMIE LIBERTE' DEMOCRATIE,
SAINT-RHEMY-EN-BOSSES,BUILLET FABRIZIO,8,FARE PER FERMARE IL DECLINO,
SAINT-RHEMY-EN-BOSSES,SPELGATTI NICOLETTA,5,LEGA NORD,
SAINT-RHEMY-EN-BOSSES,MELONI GIORGIA,3,FRATELLI D'ITALIA,
SAINT-RHEMY-EN-BOSSES,BRINGHEN LUCA,1,UNIONE DI CENTRO,
SAINT-RHEMY-EN-BOSSES,LADU ANDREA,0,CASAPOUND ITALIA,
SAINT-RHEMY-EN-BOSSES,CAMPION EROS,0,NATION VAL D'OUTA,
SAINT-VINCENT,MARGUERETTAZ RUDI FRANCO,802,VALLEE D'AOSTE,
SAINT-VINCENT,VIERIN LAURENT,626,UNION VALDOTAINE PROGRESSISTE,
SAINT-VINCENT,COGNETTA ROBERTO UGO MASSIMO,478,MOVIMENTO 5 STELLE BEPPEGRILLO.IT,
SAINT-VINCENT,GUICHARDAZ JEAN PIERRE,371,AUTONOMIE LIBERTE' DEMOCRATIE,
SAINT-VINCENT,MELONI GIORGIA,142,FRATELLI D'ITALIA,
SAINT-VINCENT,SPELGATTI NICOLETTA,107,LEGA NORD,
SAINT-VINCENT,BRINGHEN LUCA,60,UNIONE DI CENTRO,
SAINT-VINCENT,BUILLET FABRIZIO,22,FARE PER FERMARE IL DECLINO,
SAINT-VINCENT,LADU ANDREA,11,CASAPOUND ITALIA,
SAINT-VINCENT,CAMPION EROS,8,NATION VAL D'OUTA,
SARRE,GUICHARDAZ JEAN PIERRE,648,AUTONOMIE LIBERTE' DEMOCRATIE,
SARRE,MARGUERETTAZ RUDI FRANCO,628,VALLEE D'AOSTE,
SARRE,VIERIN LAURENT,625,UNION VALDOTAINE PROGRESSISTE,
SARRE,COGNETTA ROBERTO UGO MASSIMO,570,MOVIMENTO 5 STELLE BEPPEGRILLO.IT,
SARRE,MELONI GIORGIA,162,FRATELLI D'ITALIA,
SARRE,SPELGATTI NICOLETTA,105,LEGA NORD,
SARRE,BRINGHEN LUCA,47,UNIONE DI CENTRO,
SARRE,LADU ANDREA,38,CASAPOUND ITALIA,
SARRE,BUILLET FABRIZIO,27,FARE PER FERMARE IL DECLINO,
SARRE,CAMPION EROS,4,NATION VAL D'OUTA,
TORGNON,GUICHARDAZ JEAN PIERRE,109,AUTONOMIE LIBERTE' DEMOCRATIE,
TORGNON,MARGUERETTAZ RUDI FRANCO,98,VALLEE D'AOSTE,
TORGNON,VIERIN LAURENT,67,UNION VALDOTAINE PROGRESSISTE,
TORGNON,COGNETTA ROBERTO UGO MASSIMO,43,MOVIMENTO 5 STELLE BEPPEGRILLO.IT,
TORGNON,MELONI GIORGIA,15,FRATELLI D'ITALIA,
TORGNON,SPELGATTI NICOLETTA,8,LEGA NORD,
TORGNON,BRINGHEN LUCA,4,UNIONE DI CENTRO,
TORGNON,CAMPION EROS,2,NATION VAL D'OUTA,
TORGNON,LADU ANDREA,0,CASAPOUND ITALIA,
TORGNON,BUILLET FABRIZIO,0,FARE PER FERMARE IL DECLINO,
VALGRISENCHE,VIERIN LAURENT,66,UNION VALDOTAINE PROGRESSISTE,
VALGRISENCHE,MARGUERETTAZ RUDI FRANCO,42,VALLEE D'AOSTE,
VALGRISENCHE,GUICHARDAZ JEAN PIERRE,23,AUTONOMIE LIBERTE' DEMOCRATIE,
VALGRISENCHE,COGNETTA ROBERTO UGO MASSIMO,9,MOVIMENTO 5 STELLE BEPPEGRILLO.IT,
VALGRISENCHE,BUILLET FABRIZIO,3,FARE PER FERMARE IL DECLINO,
VALGRISENCHE,SPELGATTI NICOLETTA,2,LEGA NORD,
VALGRISENCHE,BRINGHEN LUCA,1,UNIONE DI CENTRO,
VALGRISENCHE,LADU ANDREA,0,CASAPOUND ITALIA,
VALGRISENCHE,MELONI GIORGIA,0,FRATELLI D'ITALIA,
VALGRISENCHE,CAMPION EROS,0,NATION VAL D'OUTA,
VALPELLINE,VIERIN LAURENT,112,UNION VALDOTAINE PROGRESSISTE,
VALPELLINE,MARGUERETTAZ RUDI FRANCO,93,VALLEE D'AOSTE,
VALPELLINE,COGNETTA ROBERTO UGO MASSIMO,80,MOVIMENTO 5 STELLE BEPPEGRILLO.IT,
VALPELLINE,GUICHARDAZ JEAN PIERRE,80,AUTONOMIE LIBERTE' DEMOCRATIE,
VALPELLINE,MELONI GIORGIA,7,FRATELLI D'ITALIA,
VALPELLINE,BUILLET FABRIZIO,6,FARE PER FERMARE IL DECLINO,
VALPELLINE,BRINGHEN LUCA,2,UNIONE DI CENTRO,
VALPELLINE,SPELGATTI NICOLETTA,2,LEGA NORD,
VALPELLINE,CAMPION EROS,2,NATION VAL D'OUTA,
VALPELLINE,LADU ANDREA,1,CASAPOUND ITALIA,
VALSAVARENCHE,VIERIN LAURENT,64,UNION VALDOTAINE PROGRESSISTE,
VALSAVARENCHE,MARGUERETTAZ RUDI FRANCO,25,VALLEE D'AOSTE,
VALSAVARENCHE,COGNETTA ROBERTO UGO MASSIMO,12,MOVIMENTO 5 STELLE BEPPEGRILLO.IT,
VALSAVARENCHE,GUICHARDAZ JEAN PIERRE,12,AUTONOMIE LIBERTE' DEMOCRATIE,
VALSAVARENCHE,SPELGATTI NICOLETTA,3,LEGA NORD,
VALSAVARENCHE,BUILLET FABRIZIO,1,FARE PER FERMARE IL DECLINO,
VALSAVARENCHE,LADU ANDREA,0,CASAPOUND ITALIA,
VALSAVARENCHE,BRINGHEN LUCA,0,UNIONE DI CENTRO,
VALSAVARENCHE,MELONI GIORGIA,0,FRATELLI D'ITALIA,
VALSAVARENCHE,CAMPION EROS,0,NATION VAL D'OUTA,
VALTOURNENCHE,VIERIN LAURENT,370,UNION VALDOTAINE PROGRESSISTE,
VALTOURNENCHE,MARGUERETTAZ RUDI FRANCO,312,VALLEE D'AOSTE,
VALTOURNENCHE,COGNETTA ROBERTO UGO MASSIMO,198,MOVIMENTO 5 STELLE BEPPEGRILLO.IT,
VALTOURNENCHE,GUICHARDAZ JEAN PIERRE,164,AUTONOMIE LIBERTE' DEMOCRATIE,
VALTOURNENCHE,MELONI GIORGIA,56,FRATELLI D'ITALIA,
VALTOURNENCHE,SPELGATTI NICOLETTA,51,LEGA NORD,
VALTOURNENCHE,BUILLET FABRIZIO,20,FARE PER FERMARE IL DECLINO,
VALTOURNENCHE,BRINGHEN LUCA,18,UNIONE DI CENTRO,
VALTOURNENCHE,LADU ANDREA,15,CASAPOUND ITALIA,
VALTOURNENCHE,CAMPION EROS,1,NATION VAL D'OUTA,
VERRAYES,MARGUERETTAZ RUDI FRANCO,227,VALLEE D'AOSTE,
VERRAYES,VIERIN LAURENT,214,UNION VALDOTAINE PROGRESSISTE,
VERRAYES,GUICHARDAZ JEAN PIERRE,142,AUTONOMIE LIBERTE' DEMOCRATIE,
VERRAYES,COGNETTA ROBERTO UGO MASSIMO,113,MOVIMENTO 5 STELLE BEPPEGRILLO.IT,
VERRAYES,SPELGATTI NICOLETTA,18,LEGA NORD,
VERRAYES,MELONI GIORGIA,14,FRATELLI D'ITALIA,
VERRAYES,BRINGHEN LUCA,11,UNIONE DI CENTRO,
VERRAYES,BUILLET FABRIZIO,4,FARE PER FERMARE IL DECLINO,
VERRAYES,CAMPION EROS,2,NATION VAL D'OUTA,
VERRAYES,LADU ANDREA,1,CASAPOUND ITALIA,
VERRES,MARGUERETTAZ RUDI FRANCO,477,VALLEE D'AOSTE,
VERRES,VIERIN LAURENT,283,UNION VALDOTAINE PROGRESSISTE,
VERRES,COGNETTA ROBERTO UGO MASSIMO,281,MOVIMENTO 5 STELLE BEPPEGRILLO.IT,
VERRES,GUICHARDAZ JEAN PIERRE,245,AUTONOMIE LIBERTE' DEMOCRATIE,
VERRES,MELONI GIORGIA,55,FRATELLI D'ITALIA,
VERRES,SPELGATTI NICOLETTA,36,LEGA NORD,
VERRES,BRINGHEN LUCA,24,UNIONE DI CENTRO,
VERRES,BUILLET FABRIZIO,13,FARE PER FERMARE IL DECLINO,
VERRES,LADU ANDREA,7,CASAPOUND ITALIA,
VERRES,CAMPION EROS,5,NATION VAL D'OUTA,
VILLENEUVE,VIERIN LAURENT,244,UNION VALDOTAINE PROGRESSISTE,
VILLENEUVE,MARGUERETTAZ RUDI FRANCO,154,VALLEE D'AOSTE,
VILLENEUVE,GUICHARDAZ JEAN PIERRE,127,AUTONOMIE LIBERTE' DEMOCRATIE,
VILLENEUVE,COGNETTA ROBERTO UGO MASSIMO,123,MOVIMENTO 5 STELLE BEPPEGRILLO.IT,
VILLENEUVE,BRINGHEN LUCA,15,UNIONE DI CENTRO,
VILLENEUVE,MELONI GIORGIA,14,FRATELLI D'ITALIA,
VILLENEUVE,BUILLET FABRIZIO,13,FARE PER FERMARE IL DECLINO,
VILLENEUVE,SPELGATTI NICOLETTA,8,LEGA NORD,
VILLENEUVE,CAMPION EROS,1,NATION VAL D'OUTA,
VILLENEUVE,LADU ANDREA,0,CASAPOUND ITALIA,
