Ente,Candidato,Liste/Gruppi,Voti lista,,
AGRIGENTO,PIER LUIGI BERSANI AGRIGENTO,PARTITO DEMOCRATICO,4492,,
AGRIGENTO,,SINISTRA ECOLOGIA LIBERTA',583,,
AGRIGENTO,,CENTRO DEMOCRATICO,69,,
AGRIGENTO,SILVIO BERLUSCONI AGRIGENTO,IL POPOLO DELLA LIBERTA',7477,,
AGRIGENTO,,GRANDE SUD - MPA,721,,
AGRIGENTO,,FRATELLI D'ITALIA,644,,
AGRIGENTO,,LA DESTRA,196,,
AGRIGENTO,,MIR - MODERATI IN RIVOLUZIONE,45,,
AGRIGENTO,,LEGA NORD,19,,
AGRIGENTO,GIUSEPPE PIERO GRILLO AGRIGENTO,MOVIMENTO 5 STELLE BEPPEGRILLO.IT,10380,,
AGRIGENTO,MARIO MONTI AGRIGENTO,SCELTA CIVICA CON MONTI PER L'ITALIA,1566,,
AGRIGENTO,,UNIONE DI CENTRO,717,,
AGRIGENTO,,FUTURO E LIBERTA',108,,
AGRIGENTO,ANTONIO INGROIA AGRIGENTO,RIVOLUZIONE CIVILE,759,,
AGRIGENTO,OSCAR FULVIO GIANNINO AGRIGENTO,FARE PER FERMARE IL DECLINO,112,,
AGRIGENTO,ROBERTO FIORE AGRIGENTO,FORZA NUOVA,60,,
AGRIGENTO,GIACINTO MARCO PANNELLA AGRIGENTO,LISTA AMNISTIA GIUSTIZIA LIBERTA',143,,
AGRIGENTO,RENATA JANNUZZI AGRIGENTO,LIBERALI PER L'ITALIA - PLI,61,,
ALESSANDRIA DELLA ROCCA,PIER LUIGI BERSANI ALESSANDRIA DELLA ROCCA,PARTITO DEMOCRATICO,374,,
ALESSANDRIA DELLA ROCCA,,SINISTRA ECOLOGIA LIBERTA',20,,
ALESSANDRIA DELLA ROCCA,,CENTRO DEMOCRATICO,1,,
ALESSANDRIA DELLA ROCCA,SILVIO BERLUSCONI ALESSANDRIA DELLA ROCCA,IL POPOLO DELLA LIBERTA',369,,
ALESSANDRIA DELLA ROCCA,,GRANDE SUD - MPA,62,,
ALESSANDRIA DELLA ROCCA,,LA DESTRA,4,,
ALESSANDRIA DELLA ROCCA,,MIR - MODERATI IN RIVOLUZIONE,2,,
ALESSANDRIA DELLA ROCCA,,FRATELLI D'ITALIA,1,,
ALESSANDRIA DELLA ROCCA,,LEGA NORD,0,,
ALESSANDRIA DELLA ROCCA,GIUSEPPE PIERO GRILLO ALESSANDRIA DELLA ROCCA,MOVIMENTO 5 STELLE BEPPEGRILLO.IT,372,,
ALESSANDRIA DELLA ROCCA,MARIO MONTI ALESSANDRIA DELLA ROCCA,SCELTA CIVICA CON MONTI PER L'ITALIA,75,,
ALESSANDRIA DELLA ROCCA,,UNIONE DI CENTRO,45,,
ALESSANDRIA DELLA ROCCA,,FUTURO E LIBERTA',13,,
ALESSANDRIA DELLA ROCCA,ANTONIO INGROIA ALESSANDRIA DELLA ROCCA,RIVOLUZIONE CIVILE,33,,
ALESSANDRIA DELLA ROCCA,OSCAR FULVIO GIANNINO ALESSANDRIA DELLA ROCCA,FARE PER FERMARE IL DECLINO,1,,
ALESSANDRIA DELLA ROCCA,ROBERTO FIORE ALESSANDRIA DELLA ROCCA,FORZA NUOVA,0,,
ALESSANDRIA DELLA ROCCA,GIACINTO MARCO PANNELLA ALESSANDRIA DELLA ROCCA,LISTA AMNISTIA GIUSTIZIA LIBERTA',4,,
ALESSANDRIA DELLA ROCCA,RENATA JANNUZZI ALESSANDRIA DELLA ROCCA,LIBERALI PER L'ITALIA - PLI,6,,
ARAGONA,PIER LUIGI BERSANI ARAGONA,PARTITO DEMOCRATICO,1121,,
ARAGONA,,SINISTRA ECOLOGIA LIBERTA',57,,
ARAGONA,,CENTRO DEMOCRATICO,16,,
ARAGONA,SILVIO BERLUSCONI ARAGONA,IL POPOLO DELLA LIBERTA',649,,
ARAGONA,,GRANDE SUD - MPA,303,,
ARAGONA,,FRATELLI D'ITALIA,76,,
ARAGONA,,LA DESTRA,14,,
ARAGONA,,MIR - MODERATI IN RIVOLUZIONE,8,,
ARAGONA,,LEGA NORD,4,,
ARAGONA,GIUSEPPE PIERO GRILLO ARAGONA,MOVIMENTO 5 STELLE BEPPEGRILLO.IT,1973,,
ARAGONA,MARIO MONTI ARAGONA,SCELTA CIVICA CON MONTI PER L'ITALIA,345,,
ARAGONA,,UNIONE DI CENTRO,106,,
ARAGONA,,FUTURO E LIBERTA',44,,
ARAGONA,ANTONIO INGROIA ARAGONA,RIVOLUZIONE CIVILE,117,,
ARAGONA,OSCAR FULVIO GIANNINO ARAGONA,FARE PER FERMARE IL DECLINO,21,,
ARAGONA,ROBERTO FIORE ARAGONA,FORZA NUOVA,5,,
ARAGONA,GIACINTO MARCO PANNELLA ARAGONA,LISTA AMNISTIA GIUSTIZIA LIBERTA',13,,
ARAGONA,RENATA JANNUZZI ARAGONA,LIBERALI PER L'ITALIA - PLI,11,,
BIVONA,PIER LUIGI BERSANI BIVONA,PARTITO DEMOCRATICO,857,,
BIVONA,,SINISTRA ECOLOGIA LIBERTA',30,,
BIVONA,,CENTRO DEMOCRATICO,1,,
BIVONA,SILVIO BERLUSCONI BIVONA,IL POPOLO DELLA LIBERTA',222,,
BIVONA,,MIR - MODERATI IN RIVOLUZIONE,12,,
BIVONA,,GRANDE SUD - MPA,10,,
BIVONA,,FRATELLI D'ITALIA,8,,
BIVONA,,LA DESTRA,3,,
BIVONA,,LEGA NORD,3,,
BIVONA,GIUSEPPE PIERO GRILLO BIVONA,MOVIMENTO 5 STELLE BEPPEGRILLO.IT,647,,
BIVONA,MARIO MONTI BIVONA,SCELTA CIVICA CON MONTI PER L'ITALIA,66,,
BIVONA,,UNIONE DI CENTRO,65,,
BIVONA,,FUTURO E LIBERTA',2,,
BIVONA,ANTONIO INGROIA BIVONA,RIVOLUZIONE CIVILE,42,,
BIVONA,OSCAR FULVIO GIANNINO BIVONA,FARE PER FERMARE IL DECLINO,1,,
BIVONA,ROBERTO FIORE BIVONA,FORZA NUOVA,0,,
BIVONA,GIACINTO MARCO PANNELLA BIVONA,LISTA AMNISTIA GIUSTIZIA LIBERTA',7,,
BIVONA,RENATA JANNUZZI BIVONA,LIBERALI PER L'ITALIA - PLI,11,,
BURGIO,PIER LUIGI BERSANI BURGIO,PARTITO DEMOCRATICO,428,,
BURGIO,,SINISTRA ECOLOGIA LIBERTA',11,,
BURGIO,,CENTRO DEMOCRATICO,1,,
BURGIO,SILVIO BERLUSCONI BURGIO,IL POPOLO DELLA LIBERTA',329,,
BURGIO,,FRATELLI D'ITALIA,33,,
BURGIO,,GRANDE SUD - MPA,16,,
BURGIO,,LA DESTRA,15,,
BURGIO,,LEGA NORD,5,,
BURGIO,,MIR - MODERATI IN RIVOLUZIONE,1,,
BURGIO,GIUSEPPE PIERO GRILLO BURGIO,MOVIMENTO 5 STELLE BEPPEGRILLO.IT,365,,
BURGIO,MARIO MONTI BURGIO,SCELTA CIVICA CON MONTI PER L'ITALIA,138,,
BURGIO,,UNIONE DI CENTRO,50,,
BURGIO,,FUTURO E LIBERTA',5,,
BURGIO,ANTONIO INGROIA BURGIO,RIVOLUZIONE CIVILE,16,,
BURGIO,OSCAR FULVIO GIANNINO BURGIO,FARE PER FERMARE IL DECLINO,2,,
BURGIO,ROBERTO FIORE BURGIO,FORZA NUOVA,1,,
BURGIO,GIACINTO MARCO PANNELLA BURGIO,LISTA AMNISTIA GIUSTIZIA LIBERTA',15,,
BURGIO,RENATA JANNUZZI BURGIO,LIBERALI PER L'ITALIA - PLI,8,,
CALAMONACI,PIER LUIGI BERSANI CALAMONACI,PARTITO DEMOCRATICO,250,,
CALAMONACI,,SINISTRA ECOLOGIA LIBERTA',10,,
CALAMONACI,,CENTRO DEMOCRATICO,0,,
CALAMONACI,SILVIO BERLUSCONI CALAMONACI,IL POPOLO DELLA LIBERTA',126,,
CALAMONACI,,GRANDE SUD - MPA,8,,
CALAMONACI,,FRATELLI D'ITALIA,3,,
CALAMONACI,,MIR - MODERATI IN RIVOLUZIONE,1,,
CALAMONACI,,LA DESTRA,1,,
CALAMONACI,,LEGA NORD,0,,
CALAMONACI,GIUSEPPE PIERO GRILLO CALAMONACI,MOVIMENTO 5 STELLE BEPPEGRILLO.IT,164,,
CALAMONACI,MARIO MONTI CALAMONACI,SCELTA CIVICA CON MONTI PER L'ITALIA,30,,
CALAMONACI,,UNIONE DI CENTRO,23,,
CALAMONACI,,FUTURO E LIBERTA',2,,
CALAMONACI,ANTONIO INGROIA CALAMONACI,RIVOLUZIONE CIVILE,29,,
CALAMONACI,OSCAR FULVIO GIANNINO CALAMONACI,FARE PER FERMARE IL DECLINO,1,,
CALAMONACI,ROBERTO FIORE CALAMONACI,FORZA NUOVA,0,,
CALAMONACI,GIACINTO MARCO PANNELLA CALAMONACI,LISTA AMNISTIA GIUSTIZIA LIBERTA',4,,
CALAMONACI,RENATA JANNUZZI CALAMONACI,LIBERALI PER L'ITALIA - PLI,5,,
CALTABELLOTTA,PIER LUIGI BERSANI CALTABELLOTTA,PARTITO DEMOCRATICO,506,,
CALTABELLOTTA,,SINISTRA ECOLOGIA LIBERTA',33,,
CALTABELLOTTA,,CENTRO DEMOCRATICO,3,,
CALTABELLOTTA,SILVIO BERLUSCONI CALTABELLOTTA,IL POPOLO DELLA LIBERTA',309,,
CALTABELLOTTA,,GRANDE SUD - MPA,23,,
CALTABELLOTTA,,FRATELLI D'ITALIA,13,,
CALTABELLOTTA,,LA DESTRA,11,,
CALTABELLOTTA,,MIR - MODERATI IN RIVOLUZIONE,4,,
CALTABELLOTTA,,LEGA NORD,3,,
CALTABELLOTTA,GIUSEPPE PIERO GRILLO CALTABELLOTTA,MOVIMENTO 5 STELLE BEPPEGRILLO.IT,713,,
CALTABELLOTTA,MARIO MONTI CALTABELLOTTA,SCELTA CIVICA CON MONTI PER L'ITALIA,78,,
CALTABELLOTTA,,UNIONE DI CENTRO,37,,
CALTABELLOTTA,,FUTURO E LIBERTA',12,,
CALTABELLOTTA,ANTONIO INGROIA CALTABELLOTTA,RIVOLUZIONE CIVILE,46,,
CALTABELLOTTA,OSCAR FULVIO GIANNINO CALTABELLOTTA,FARE PER FERMARE IL DECLINO,5,,
CALTABELLOTTA,ROBERTO FIORE CALTABELLOTTA,FORZA NUOVA,2,,
CALTABELLOTTA,GIACINTO MARCO PANNELLA CALTABELLOTTA,LISTA AMNISTIA GIUSTIZIA LIBERTA',12,,
CALTABELLOTTA,RENATA JANNUZZI CALTABELLOTTA,LIBERALI PER L'ITALIA - PLI,9,,
CAMASTRA,PIER LUIGI BERSANI CAMASTRA,PARTITO DEMOCRATICO,247,,
CAMASTRA,,SINISTRA ECOLOGIA LIBERTA',11,,
CAMASTRA,,CENTRO DEMOCRATICO,0,,
CAMASTRA,SILVIO BERLUSCONI CAMASTRA,GRANDE SUD - MPA,176,,
CAMASTRA,,IL POPOLO DELLA LIBERTA',143,,
CAMASTRA,,FRATELLI D'ITALIA,7,,
CAMASTRA,,MIR - MODERATI IN RIVOLUZIONE,5,,
CAMASTRA,,LA DESTRA,5,,
CAMASTRA,,LEGA NORD,4,,
CAMASTRA,GIUSEPPE PIERO GRILLO CAMASTRA,MOVIMENTO 5 STELLE BEPPEGRILLO.IT,410,,
CAMASTRA,MARIO MONTI CAMASTRA,SCELTA CIVICA CON MONTI PER L'ITALIA,48,,
CAMASTRA,,UNIONE DI CENTRO,11,,
CAMASTRA,,FUTURO E LIBERTA',2,,
CAMASTRA,ANTONIO INGROIA CAMASTRA,RIVOLUZIONE CIVILE,13,,
CAMASTRA,OSCAR FULVIO GIANNINO CAMASTRA,FARE PER FERMARE IL DECLINO,7,,
CAMASTRA,ROBERTO FIORE CAMASTRA,FORZA NUOVA,1,,
CAMASTRA,GIACINTO MARCO PANNELLA CAMASTRA,LISTA AMNISTIA GIUSTIZIA LIBERTA',8,,
CAMASTRA,RENATA JANNUZZI CAMASTRA,LIBERALI PER L'ITALIA - PLI,5,,
CAMMARATA,PIER LUIGI BERSANI CAMMARATA,PARTITO DEMOCRATICO,687,,
CAMMARATA,,SINISTRA ECOLOGIA LIBERTA',64,,
CAMMARATA,,CENTRO DEMOCRATICO,7,,
CAMMARATA,SILVIO BERLUSCONI CAMMARATA,IL POPOLO DELLA LIBERTA',519,,
CAMMARATA,,GRANDE SUD - MPA,88,,
CAMMARATA,,FRATELLI D'ITALIA,24,,
CAMMARATA,,LA DESTRA,11,,
CAMMARATA,,MIR - MODERATI IN RIVOLUZIONE,9,,
CAMMARATA,,LEGA NORD,6,,
CAMMARATA,GIUSEPPE PIERO GRILLO CAMMARATA,MOVIMENTO 5 STELLE BEPPEGRILLO.IT,1572,,
CAMMARATA,MARIO MONTI CAMMARATA,SCELTA CIVICA CON MONTI PER L'ITALIA,204,,
CAMMARATA,,UNIONE DI CENTRO,111,,
CAMMARATA,,FUTURO E LIBERTA',39,,
CAMMARATA,ANTONIO INGROIA CAMMARATA,RIVOLUZIONE CIVILE,83,,
CAMMARATA,OSCAR FULVIO GIANNINO CAMMARATA,FARE PER FERMARE IL DECLINO,5,,
CAMMARATA,ROBERTO FIORE CAMMARATA,FORZA NUOVA,5,,
CAMMARATA,GIACINTO MARCO PANNELLA CAMMARATA,LISTA AMNISTIA GIUSTIZIA LIBERTA',20,,
CAMMARATA,RENATA JANNUZZI CAMMARATA,LIBERALI PER L'ITALIA - PLI,16,,
CAMPOBELLO DI LICATA,PIER LUIGI BERSANI CAMPOBELLO DI LICATA,PARTITO DEMOCRATICO,1477,,
CAMPOBELLO DI LICATA,,SINISTRA ECOLOGIA LIBERTA',67,,
CAMPOBELLO DI LICATA,,CENTRO DEMOCRATICO,9,,
CAMPOBELLO DI LICATA,SILVIO BERLUSCONI CAMPOBELLO DI LICATA,IL POPOLO DELLA LIBERTA',787,,
CAMPOBELLO DI LICATA,,GRANDE SUD - MPA,112,,
CAMPOBELLO DI LICATA,,LA DESTRA,17,,
CAMPOBELLO DI LICATA,,FRATELLI D'ITALIA,14,,
CAMPOBELLO DI LICATA,,MIR - MODERATI IN RIVOLUZIONE,5,,
CAMPOBELLO DI LICATA,,LEGA NORD,1,,
CAMPOBELLO DI LICATA,GIUSEPPE PIERO GRILLO CAMPOBELLO DI LICATA,MOVIMENTO 5 STELLE BEPPEGRILLO.IT,1855,,
CAMPOBELLO DI LICATA,MARIO MONTI CAMPOBELLO DI LICATA,SCELTA CIVICA CON MONTI PER L'ITALIA,188,,
CAMPOBELLO DI LICATA,,UNIONE DI CENTRO,114,,
CAMPOBELLO DI LICATA,,FUTURO E LIBERTA',8,,
CAMPOBELLO DI LICATA,ANTONIO INGROIA CAMPOBELLO DI LICATA,RIVOLUZIONE CIVILE,82,,
CAMPOBELLO DI LICATA,OSCAR FULVIO GIANNINO CAMPOBELLO DI LICATA,FARE PER FERMARE IL DECLINO,4,,
CAMPOBELLO DI LICATA,ROBERTO FIORE CAMPOBELLO DI LICATA,FORZA NUOVA,6,,
CAMPOBELLO DI LICATA,GIACINTO MARCO PANNELLA CAMPOBELLO DI LICATA,LISTA AMNISTIA GIUSTIZIA LIBERTA',27,,
CAMPOBELLO DI LICATA,RENATA JANNUZZI CAMPOBELLO DI LICATA,LIBERALI PER L'ITALIA - PLI,23,,
CANICATTI',PIER LUIGI BERSANI CANICATTI',PARTITO DEMOCRATICO,3122,,
CANICATTI',,SINISTRA ECOLOGIA LIBERTA',231,,
CANICATTI',,CENTRO DEMOCRATICO,24,,
CANICATTI',SILVIO BERLUSCONI CANICATTI',IL POPOLO DELLA LIBERTA',4356,,
CANICATTI',,FRATELLI D'ITALIA,234,,
CANICATTI',,GRANDE SUD - MPA,185,,
CANICATTI',,LA DESTRA,52,,
CANICATTI',,MIR - MODERATI IN RIVOLUZIONE,16,,
CANICATTI',,LEGA NORD,12,,
CANICATTI',GIUSEPPE PIERO GRILLO CANICATTI',MOVIMENTO 5 STELLE BEPPEGRILLO.IT,5888,,
CANICATTI',MARIO MONTI CANICATTI',SCELTA CIVICA CON MONTI PER L'ITALIA,890,,
CANICATTI',,UNIONE DI CENTRO,323,,
CANICATTI',,FUTURO E LIBERTA',111,,
CANICATTI',ANTONIO INGROIA CANICATTI',RIVOLUZIONE CIVILE,371,,
CANICATTI',OSCAR FULVIO GIANNINO CANICATTI',FARE PER FERMARE IL DECLINO,48,,
CANICATTI',ROBERTO FIORE CANICATTI',FORZA NUOVA,47,,
CANICATTI',GIACINTO MARCO PANNELLA CANICATTI',LISTA AMNISTIA GIUSTIZIA LIBERTA',91,,
CANICATTI',RENATA JANNUZZI CANICATTI',LIBERALI PER L'ITALIA - PLI,50,,
CASTELTERMINI,PIER LUIGI BERSANI CASTELTERMINI,PARTITO DEMOCRATICO,1357,,
CASTELTERMINI,,SINISTRA ECOLOGIA LIBERTA',40,,
CASTELTERMINI,,CENTRO DEMOCRATICO,3,,
CASTELTERMINI,SILVIO BERLUSCONI CASTELTERMINI,IL POPOLO DELLA LIBERTA',744,,
CASTELTERMINI,,GRANDE SUD - MPA,197,,
CASTELTERMINI,,LA DESTRA,11,,
CASTELTERMINI,,FRATELLI D'ITALIA,11,,
CASTELTERMINI,,MIR - MODERATI IN RIVOLUZIONE,5,,
CASTELTERMINI,,LEGA NORD,4,,
CASTELTERMINI,GIUSEPPE PIERO GRILLO CASTELTERMINI,MOVIMENTO 5 STELLE BEPPEGRILLO.IT,1884,,
CASTELTERMINI,MARIO MONTI CASTELTERMINI,UNIONE DI CENTRO,306,,
CASTELTERMINI,,SCELTA CIVICA CON MONTI PER L'ITALIA,157,,
CASTELTERMINI,,FUTURO E LIBERTA',10,,
CASTELTERMINI,ANTONIO INGROIA CASTELTERMINI,RIVOLUZIONE CIVILE,42,,
CASTELTERMINI,OSCAR FULVIO GIANNINO CASTELTERMINI,FARE PER FERMARE IL DECLINO,5,,
CASTELTERMINI,ROBERTO FIORE CASTELTERMINI,FORZA NUOVA,4,,
CASTELTERMINI,GIACINTO MARCO PANNELLA CASTELTERMINI,LISTA AMNISTIA GIUSTIZIA LIBERTA',21,,
CASTELTERMINI,RENATA JANNUZZI CASTELTERMINI,LIBERALI PER L'ITALIA - PLI,21,,
CASTROFILIPPO,PIER LUIGI BERSANI CASTROFILIPPO,PARTITO DEMOCRATICO,460,,
CASTROFILIPPO,,SINISTRA ECOLOGIA LIBERTA',18,,
CASTROFILIPPO,,CENTRO DEMOCRATICO,1,,
CASTROFILIPPO,SILVIO BERLUSCONI CASTROFILIPPO,IL POPOLO DELLA LIBERTA',393,,
CASTROFILIPPO,,FRATELLI D'ITALIA,17,,
CASTROFILIPPO,,GRANDE SUD - MPA,10,,
CASTROFILIPPO,,LA DESTRA,10,,
CASTROFILIPPO,,MIR - MODERATI IN RIVOLUZIONE,3,,
CASTROFILIPPO,,LEGA NORD,0,,
CASTROFILIPPO,GIUSEPPE PIERO GRILLO CASTROFILIPPO,MOVIMENTO 5 STELLE BEPPEGRILLO.IT,304,,
CASTROFILIPPO,MARIO MONTI CASTROFILIPPO,SCELTA CIVICA CON MONTI PER L'ITALIA,89,,
CASTROFILIPPO,,UNIONE DI CENTRO,80,,
CASTROFILIPPO,,FUTURO E LIBERTA',3,,
CASTROFILIPPO,ANTONIO INGROIA CASTROFILIPPO,RIVOLUZIONE CIVILE,19,,
CASTROFILIPPO,OSCAR FULVIO GIANNINO CASTROFILIPPO,FARE PER FERMARE IL DECLINO,3,,
CASTROFILIPPO,ROBERTO FIORE CASTROFILIPPO,FORZA NUOVA,3,,
CASTROFILIPPO,GIACINTO MARCO PANNELLA CASTROFILIPPO,LISTA AMNISTIA GIUSTIZIA LIBERTA',7,,
CASTROFILIPPO,RENATA JANNUZZI CASTROFILIPPO,LIBERALI PER L'ITALIA - PLI,7,,
CATTOLICA ERACLEA,PIER LUIGI BERSANI CATTOLICA ERACLEA,PARTITO DEMOCRATICO,691,,
CATTOLICA ERACLEA,,SINISTRA ECOLOGIA LIBERTA',14,,
CATTOLICA ERACLEA,,CENTRO DEMOCRATICO,1,,
CATTOLICA ERACLEA,SILVIO BERLUSCONI CATTOLICA ERACLEA,IL POPOLO DELLA LIBERTA',340,,
CATTOLICA ERACLEA,,GRANDE SUD - MPA,125,,
CATTOLICA ERACLEA,,MIR - MODERATI IN RIVOLUZIONE,18,,
CATTOLICA ERACLEA,,FRATELLI D'ITALIA,14,,
CATTOLICA ERACLEA,,LA DESTRA,13,,
CATTOLICA ERACLEA,,LEGA NORD,2,,
CATTOLICA ERACLEA,GIUSEPPE PIERO GRILLO CATTOLICA ERACLEA,MOVIMENTO 5 STELLE BEPPEGRILLO.IT,470,,
CATTOLICA ERACLEA,MARIO MONTI CATTOLICA ERACLEA,UNIONE DI CENTRO,46,,
CATTOLICA ERACLEA,,SCELTA CIVICA CON MONTI PER L'ITALIA,38,,
CATTOLICA ERACLEA,,FUTURO E LIBERTA',4,,
CATTOLICA ERACLEA,ANTONIO INGROIA CATTOLICA ERACLEA,RIVOLUZIONE CIVILE,206,,
CATTOLICA ERACLEA,OSCAR FULVIO GIANNINO CATTOLICA ERACLEA,FARE PER FERMARE IL DECLINO,5,,
CATTOLICA ERACLEA,ROBERTO FIORE CATTOLICA ERACLEA,FORZA NUOVA,2,,
CATTOLICA ERACLEA,GIACINTO MARCO PANNELLA CATTOLICA ERACLEA,LISTA AMNISTIA GIUSTIZIA LIBERTA',8,,
CATTOLICA ERACLEA,RENATA JANNUZZI CATTOLICA ERACLEA,LIBERALI PER L'ITALIA - PLI,9,,
CIANCIANA,PIER LUIGI BERSANI CIANCIANA,PARTITO DEMOCRATICO,596,,
CIANCIANA,,SINISTRA ECOLOGIA LIBERTA',26,,
CIANCIANA,,CENTRO DEMOCRATICO,1,,
CIANCIANA,SILVIO BERLUSCONI CIANCIANA,IL POPOLO DELLA LIBERTA',331,,
CIANCIANA,,GRANDE SUD - MPA,23,,
CIANCIANA,,FRATELLI D'ITALIA,9,,
CIANCIANA,,LA DESTRA,6,,
CIANCIANA,,MIR - MODERATI IN RIVOLUZIONE,2,,
CIANCIANA,,LEGA NORD,2,,
CIANCIANA,GIUSEPPE PIERO GRILLO CIANCIANA,MOVIMENTO 5 STELLE BEPPEGRILLO.IT,581,,
CIANCIANA,MARIO MONTI CIANCIANA,SCELTA CIVICA CON MONTI PER L'ITALIA,69,,
CIANCIANA,,UNIONE DI CENTRO,38,,
CIANCIANA,,FUTURO E LIBERTA',8,,
CIANCIANA,ANTONIO INGROIA CIANCIANA,RIVOLUZIONE CIVILE,35,,
CIANCIANA,OSCAR FULVIO GIANNINO CIANCIANA,FARE PER FERMARE IL DECLINO,92,,
CIANCIANA,ROBERTO FIORE CIANCIANA,FORZA NUOVA,1,,
CIANCIANA,GIACINTO MARCO PANNELLA CIANCIANA,LISTA AMNISTIA GIUSTIZIA LIBERTA',7,,
CIANCIANA,RENATA JANNUZZI CIANCIANA,LIBERALI PER L'ITALIA - PLI,13,,
COMITINI,PIER LUIGI BERSANI COMITINI,PARTITO DEMOCRATICO,127,,
COMITINI,,SINISTRA ECOLOGIA LIBERTA',13,,
COMITINI,,CENTRO DEMOCRATICO,1,,
COMITINI,SILVIO BERLUSCONI COMITINI,IL POPOLO DELLA LIBERTA',85,,
COMITINI,,GRANDE SUD - MPA,12,,
COMITINI,,FRATELLI D'ITALIA,10,,
COMITINI,,MIR - MODERATI IN RIVOLUZIONE,1,,
COMITINI,,LA DESTRA,0,,
COMITINI,,LEGA NORD,0,,
COMITINI,GIUSEPPE PIERO GRILLO COMITINI,MOVIMENTO 5 STELLE BEPPEGRILLO.IT,188,,
COMITINI,MARIO MONTI COMITINI,UNIONE DI CENTRO,31,,
COMITINI,,SCELTA CIVICA CON MONTI PER L'ITALIA,15,,
COMITINI,,FUTURO E LIBERTA',5,,
COMITINI,ANTONIO INGROIA COMITINI,RIVOLUZIONE CIVILE,8,,
COMITINI,OSCAR FULVIO GIANNINO COMITINI,FARE PER FERMARE IL DECLINO,0,,
COMITINI,ROBERTO FIORE COMITINI,FORZA NUOVA,1,,
COMITINI,GIACINTO MARCO PANNELLA COMITINI,LISTA AMNISTIA GIUSTIZIA LIBERTA',0,,
COMITINI,RENATA JANNUZZI COMITINI,LIBERALI PER L'ITALIA - PLI,1,,
FAVARA,PIER LUIGI BERSANI FAVARA,PARTITO DEMOCRATICO,3225,,
FAVARA,,SINISTRA ECOLOGIA LIBERTA',173,,
FAVARA,,CENTRO DEMOCRATICO,72,,
FAVARA,SILVIO BERLUSCONI FAVARA,IL POPOLO DELLA LIBERTA',3160,,
FAVARA,,GRANDE SUD - MPA,413,,
FAVARA,,FRATELLI D'ITALIA,185,,
FAVARA,,LA DESTRA,72,,
FAVARA,,MIR - MODERATI IN RIVOLUZIONE,20,,
FAVARA,,LEGA NORD,16,,
FAVARA,GIUSEPPE PIERO GRILLO FAVARA,MOVIMENTO 5 STELLE BEPPEGRILLO.IT,5258,,
FAVARA,MARIO MONTI FAVARA,SCELTA CIVICA CON MONTI PER L'ITALIA,631,,
FAVARA,,UNIONE DI CENTRO,260,,
FAVARA,,FUTURO E LIBERTA',210,,
FAVARA,ANTONIO INGROIA FAVARA,RIVOLUZIONE CIVILE,457,,
FAVARA,OSCAR FULVIO GIANNINO FAVARA,FARE PER FERMARE IL DECLINO,37,,
FAVARA,ROBERTO FIORE FAVARA,FORZA NUOVA,23,,
FAVARA,GIACINTO MARCO PANNELLA FAVARA,LISTA AMNISTIA GIUSTIZIA LIBERTA',115,,
FAVARA,RENATA JANNUZZI FAVARA,LIBERALI PER L'ITALIA - PLI,29,,
GROTTE,PIER LUIGI BERSANI GROTTE,PARTITO DEMOCRATICO,594,,
GROTTE,,SINISTRA ECOLOGIA LIBERTA',34,,
GROTTE,,CENTRO DEMOCRATICO,9,,
GROTTE,SILVIO BERLUSCONI GROTTE,IL POPOLO DELLA LIBERTA',549,,
GROTTE,,GRANDE SUD - MPA,94,,
GROTTE,,FRATELLI D'ITALIA,23,,
GROTTE,,MIR - MODERATI IN RIVOLUZIONE,16,,
GROTTE,,LA DESTRA,11,,
GROTTE,,LEGA NORD,6,,
GROTTE,GIUSEPPE PIERO GRILLO GROTTE,MOVIMENTO 5 STELLE BEPPEGRILLO.IT,1133,,
GROTTE,MARIO MONTI GROTTE,SCELTA CIVICA CON MONTI PER L'ITALIA,165,,
GROTTE,,UNIONE DI CENTRO,45,,
GROTTE,,FUTURO E LIBERTA',8,,
GROTTE,ANTONIO INGROIA GROTTE,RIVOLUZIONE CIVILE,67,,
GROTTE,OSCAR FULVIO GIANNINO GROTTE,FARE PER FERMARE IL DECLINO,12,,
GROTTE,ROBERTO FIORE GROTTE,FORZA NUOVA,1,,
GROTTE,GIACINTO MARCO PANNELLA GROTTE,LISTA AMNISTIA GIUSTIZIA LIBERTA',12,,
GROTTE,RENATA JANNUZZI GROTTE,LIBERALI PER L'ITALIA - PLI,8,,
JOPPOLO GIANCAXIO,PIER LUIGI BERSANI JOPPOLO GIANCAXIO,PARTITO DEMOCRATICO,204,,
JOPPOLO GIANCAXIO,,SINISTRA ECOLOGIA LIBERTA',15,,
JOPPOLO GIANCAXIO,,CENTRO DEMOCRATICO,1,,
JOPPOLO GIANCAXIO,SILVIO BERLUSCONI JOPPOLO GIANCAXIO,IL POPOLO DELLA LIBERTA',131,,
JOPPOLO GIANCAXIO,,GRANDE SUD - MPA,13,,
JOPPOLO GIANCAXIO,,FRATELLI D'ITALIA,13,,
JOPPOLO GIANCAXIO,,LA DESTRA,5,,
JOPPOLO GIANCAXIO,,LEGA NORD,0,,
JOPPOLO GIANCAXIO,,MIR - MODERATI IN RIVOLUZIONE,0,,
JOPPOLO GIANCAXIO,GIUSEPPE PIERO GRILLO JOPPOLO GIANCAXIO,MOVIMENTO 5 STELLE BEPPEGRILLO.IT,137,,
JOPPOLO GIANCAXIO,MARIO MONTI JOPPOLO GIANCAXIO,UNIONE DI CENTRO,62,,
JOPPOLO GIANCAXIO,,SCELTA CIVICA CON MONTI PER L'ITALIA,28,,
JOPPOLO GIANCAXIO,,FUTURO E LIBERTA',0,,
JOPPOLO GIANCAXIO,ANTONIO INGROIA JOPPOLO GIANCAXIO,RIVOLUZIONE CIVILE,24,,
JOPPOLO GIANCAXIO,OSCAR FULVIO GIANNINO JOPPOLO GIANCAXIO,FARE PER FERMARE IL DECLINO,0,,
JOPPOLO GIANCAXIO,ROBERTO FIORE JOPPOLO GIANCAXIO,FORZA NUOVA,1,,
JOPPOLO GIANCAXIO,GIACINTO MARCO PANNELLA JOPPOLO GIANCAXIO,LISTA AMNISTIA GIUSTIZIA LIBERTA',3,,
JOPPOLO GIANCAXIO,RENATA JANNUZZI JOPPOLO GIANCAXIO,LIBERALI PER L'ITALIA - PLI,1,,
LAMPEDUSA E LINOSA,PIER LUIGI BERSANI LAMPEDUSA E LINOSA,PARTITO DEMOCRATICO,207,,
LAMPEDUSA E LINOSA,,SINISTRA ECOLOGIA LIBERTA',10,,
LAMPEDUSA E LINOSA,,CENTRO DEMOCRATICO,4,,
LAMPEDUSA E LINOSA,SILVIO BERLUSCONI LAMPEDUSA E LINOSA,IL POPOLO DELLA LIBERTA',1000,,
LAMPEDUSA E LINOSA,,GRANDE SUD - MPA,79,,
LAMPEDUSA E LINOSA,,FRATELLI D'ITALIA,27,,
LAMPEDUSA E LINOSA,,LA DESTRA,9,,
LAMPEDUSA E LINOSA,,MIR - MODERATI IN RIVOLUZIONE,5,,
LAMPEDUSA E LINOSA,,LEGA NORD,3,,
LAMPEDUSA E LINOSA,GIUSEPPE PIERO GRILLO LAMPEDUSA E LINOSA,MOVIMENTO 5 STELLE BEPPEGRILLO.IT,552,,
LAMPEDUSA E LINOSA,MARIO MONTI LAMPEDUSA E LINOSA,SCELTA CIVICA CON MONTI PER L'ITALIA,30,,
LAMPEDUSA E LINOSA,,UNIONE DI CENTRO,29,,
LAMPEDUSA E LINOSA,,FUTURO E LIBERTA',5,,
LAMPEDUSA E LINOSA,ANTONIO INGROIA LAMPEDUSA E LINOSA,RIVOLUZIONE CIVILE,15,,
LAMPEDUSA E LINOSA,OSCAR FULVIO GIANNINO LAMPEDUSA E LINOSA,FARE PER FERMARE IL DECLINO,0,,
LAMPEDUSA E LINOSA,ROBERTO FIORE LAMPEDUSA E LINOSA,FORZA NUOVA,0,,
LAMPEDUSA E LINOSA,GIACINTO MARCO PANNELLA LAMPEDUSA E LINOSA,LISTA AMNISTIA GIUSTIZIA LIBERTA',4,,
LAMPEDUSA E LINOSA,RENATA JANNUZZI LAMPEDUSA E LINOSA,LIBERALI PER L'ITALIA - PLI,10,,
LICATA,PIER LUIGI BERSANI LICATA,PARTITO DEMOCRATICO,2090,,
LICATA,,SINISTRA ECOLOGIA LIBERTA',155,,
LICATA,,CENTRO DEMOCRATICO,15,,
LICATA,SILVIO BERLUSCONI LICATA,IL POPOLO DELLA LIBERTA',6519,,
LICATA,,GRANDE SUD - MPA,412,,
LICATA,,LA DESTRA,128,,
LICATA,,FRATELLI D'ITALIA,95,,
LICATA,,MIR - MODERATI IN RIVOLUZIONE,45,,
LICATA,,LEGA NORD,22,,
LICATA,GIUSEPPE PIERO GRILLO LICATA,MOVIMENTO 5 STELLE BEPPEGRILLO.IT,4385,,
LICATA,MARIO MONTI LICATA,SCELTA CIVICA CON MONTI PER L'ITALIA,632,,
LICATA,,UNIONE DI CENTRO,250,,
LICATA,,FUTURO E LIBERTA',47,,
LICATA,ANTONIO INGROIA LICATA,RIVOLUZIONE CIVILE,340,,
LICATA,OSCAR FULVIO GIANNINO LICATA,FARE PER FERMARE IL DECLINO,24,,
LICATA,ROBERTO FIORE LICATA,FORZA NUOVA,123,,
LICATA,GIACINTO MARCO PANNELLA LICATA,LISTA AMNISTIA GIUSTIZIA LIBERTA',71,,
LICATA,RENATA JANNUZZI LICATA,LIBERALI PER L'ITALIA - PLI,45,,
LUCCA SICULA,PIER LUIGI BERSANI LUCCA SICULA,PARTITO DEMOCRATICO,290,,
LUCCA SICULA,,SINISTRA ECOLOGIA LIBERTA',11,,
LUCCA SICULA,,CENTRO DEMOCRATICO,1,,
LUCCA SICULA,SILVIO BERLUSCONI LUCCA SICULA,IL POPOLO DELLA LIBERTA',147,,
LUCCA SICULA,,GRANDE SUD - MPA,8,,
LUCCA SICULA,,LA DESTRA,4,,
LUCCA SICULA,,FRATELLI D'ITALIA,4,,
LUCCA SICULA,,MIR - MODERATI IN RIVOLUZIONE,0,,
LUCCA SICULA,,LEGA NORD,0,,
LUCCA SICULA,GIUSEPPE PIERO GRILLO LUCCA SICULA,MOVIMENTO 5 STELLE BEPPEGRILLO.IT,276,,
LUCCA SICULA,MARIO MONTI LUCCA SICULA,SCELTA CIVICA CON MONTI PER L'ITALIA,47,,
LUCCA SICULA,,UNIONE DI CENTRO,24,,
LUCCA SICULA,,FUTURO E LIBERTA',0,,
LUCCA SICULA,ANTONIO INGROIA LUCCA SICULA,RIVOLUZIONE CIVILE,13,,
LUCCA SICULA,OSCAR FULVIO GIANNINO LUCCA SICULA,FARE PER FERMARE IL DECLINO,5,,
LUCCA SICULA,ROBERTO FIORE LUCCA SICULA,FORZA NUOVA,1,,
LUCCA SICULA,GIACINTO MARCO PANNELLA LUCCA SICULA,LISTA AMNISTIA GIUSTIZIA LIBERTA',16,,
LUCCA SICULA,RENATA JANNUZZI LUCCA SICULA,LIBERALI PER L'ITALIA - PLI,2,,
MENFI,PIER LUIGI BERSANI MENFI,PARTITO DEMOCRATICO,1304,,
MENFI,,CENTRO DEMOCRATICO,338,,
MENFI,,SINISTRA ECOLOGIA LIBERTA',105,,
MENFI,SILVIO BERLUSCONI MENFI,IL POPOLO DELLA LIBERTA',1423,,
MENFI,,GRANDE SUD - MPA,124,,
MENFI,,FRATELLI D'ITALIA,55,,
MENFI,,LA DESTRA,51,,
MENFI,,MIR - MODERATI IN RIVOLUZIONE,7,,
MENFI,,LEGA NORD,7,,
MENFI,GIUSEPPE PIERO GRILLO MENFI,MOVIMENTO 5 STELLE BEPPEGRILLO.IT,2224,,
MENFI,MARIO MONTI MENFI,UNIONE DI CENTRO,558,,
MENFI,,SCELTA CIVICA CON MONTI PER L'ITALIA,392,,
MENFI,,FUTURO E LIBERTA',21,,
MENFI,ANTONIO INGROIA MENFI,RIVOLUZIONE CIVILE,165,,
MENFI,OSCAR FULVIO GIANNINO MENFI,FARE PER FERMARE IL DECLINO,10,,
MENFI,ROBERTO FIORE MENFI,FORZA NUOVA,11,,
MENFI,GIACINTO MARCO PANNELLA MENFI,LISTA AMNISTIA GIUSTIZIA LIBERTA',37,,
MENFI,RENATA JANNUZZI MENFI,LIBERALI PER L'ITALIA - PLI,24,,
MONTALLEGRO,PIER LUIGI BERSANI MONTALLEGRO,PARTITO DEMOCRATICO,387,,
MONTALLEGRO,,SINISTRA ECOLOGIA LIBERTA',47,,
MONTALLEGRO,,CENTRO DEMOCRATICO,0,,
MONTALLEGRO,SILVIO BERLUSCONI MONTALLEGRO,IL POPOLO DELLA LIBERTA',224,,
MONTALLEGRO,,LA DESTRA,67,,
MONTALLEGRO,,MIR - MODERATI IN RIVOLUZIONE,43,,
MONTALLEGRO,,GRANDE SUD - MPA,22,,
MONTALLEGRO,,FRATELLI D'ITALIA,15,,
MONTALLEGRO,,LEGA NORD,1,,
MONTALLEGRO,GIUSEPPE PIERO GRILLO MONTALLEGRO,MOVIMENTO 5 STELLE BEPPEGRILLO.IT,410,,
MONTALLEGRO,MARIO MONTI MONTALLEGRO,SCELTA CIVICA CON MONTI PER L'ITALIA,55,,
MONTALLEGRO,,UNIONE DI CENTRO,35,,
MONTALLEGRO,,FUTURO E LIBERTA',6,,
MONTALLEGRO,ANTONIO INGROIA MONTALLEGRO,RIVOLUZIONE CIVILE,27,,
MONTALLEGRO,OSCAR FULVIO GIANNINO MONTALLEGRO,FARE PER FERMARE IL DECLINO,1,,
MONTALLEGRO,ROBERTO FIORE MONTALLEGRO,FORZA NUOVA,0,,
MONTALLEGRO,GIACINTO MARCO PANNELLA MONTALLEGRO,LISTA AMNISTIA GIUSTIZIA LIBERTA',9,,
MONTALLEGRO,RENATA JANNUZZI MONTALLEGRO,LIBERALI PER L'ITALIA - PLI,5,,
MONTEVAGO,PIER LUIGI BERSANI MONTEVAGO,PARTITO DEMOCRATICO,418,,
MONTEVAGO,,SINISTRA ECOLOGIA LIBERTA',49,,
MONTEVAGO,,CENTRO DEMOCRATICO,11,,
MONTEVAGO,SILVIO BERLUSCONI MONTEVAGO,IL POPOLO DELLA LIBERTA',263,,
MONTEVAGO,,GRANDE SUD - MPA,52,,
MONTEVAGO,,FRATELLI D'ITALIA,17,,
MONTEVAGO,,MIR - MODERATI IN RIVOLUZIONE,6,,
MONTEVAGO,,LEGA NORD,2,,
MONTEVAGO,,LA DESTRA,1,,
MONTEVAGO,GIUSEPPE PIERO GRILLO MONTEVAGO,MOVIMENTO 5 STELLE BEPPEGRILLO.IT,482,,
MONTEVAGO,MARIO MONTI MONTEVAGO,SCELTA CIVICA CON MONTI PER L'ITALIA,123,,
MONTEVAGO,,UNIONE DI CENTRO,83,,
MONTEVAGO,,FUTURO E LIBERTA',5,,
MONTEVAGO,ANTONIO INGROIA MONTEVAGO,RIVOLUZIONE CIVILE,21,,
MONTEVAGO,OSCAR FULVIO GIANNINO MONTEVAGO,FARE PER FERMARE IL DECLINO,2,,
MONTEVAGO,ROBERTO FIORE MONTEVAGO,FORZA NUOVA,1,,
MONTEVAGO,GIACINTO MARCO PANNELLA MONTEVAGO,LISTA AMNISTIA GIUSTIZIA LIBERTA',6,,
MONTEVAGO,RENATA JANNUZZI MONTEVAGO,LIBERALI PER L'ITALIA - PLI,10,,
NARO,PIER LUIGI BERSANI NARO,PARTITO DEMOCRATICO,871,,
NARO,,SINISTRA ECOLOGIA LIBERTA',46,,
NARO,,CENTRO DEMOCRATICO,5,,
NARO,SILVIO BERLUSCONI NARO,IL POPOLO DELLA LIBERTA',688,,
NARO,,GRANDE SUD - MPA,127,,
NARO,,MIR - MODERATI IN RIVOLUZIONE,80,,
NARO,,FRATELLI D'ITALIA,42,,
NARO,,LA DESTRA,14,,
NARO,,LEGA NORD,2,,
NARO,GIUSEPPE PIERO GRILLO NARO,MOVIMENTO 5 STELLE BEPPEGRILLO.IT,1218,,
NARO,MARIO MONTI NARO,SCELTA CIVICA CON MONTI PER L'ITALIA,223,,
NARO,,UNIONE DI CENTRO,68,,
NARO,,FUTURO E LIBERTA',9,,
NARO,ANTONIO INGROIA NARO,RIVOLUZIONE CIVILE,88,,
NARO,OSCAR FULVIO GIANNINO NARO,FARE PER FERMARE IL DECLINO,9,,
NARO,ROBERTO FIORE NARO,FORZA NUOVA,6,,
NARO,GIACINTO MARCO PANNELLA NARO,LISTA AMNISTIA GIUSTIZIA LIBERTA',20,,
NARO,RENATA JANNUZZI NARO,LIBERALI PER L'ITALIA - PLI,7,,
PALMA DI MONTECHIARO,PIER LUIGI BERSANI PALMA DI MONTECHIARO,PARTITO DEMOCRATICO,1398,,
PALMA DI MONTECHIARO,,SINISTRA ECOLOGIA LIBERTA',80,,
PALMA DI MONTECHIARO,,CENTRO DEMOCRATICO,8,,
PALMA DI MONTECHIARO,SILVIO BERLUSCONI PALMA DI MONTECHIARO,IL POPOLO DELLA LIBERTA',3051,,
PALMA DI MONTECHIARO,,GRANDE SUD - MPA,500,,
PALMA DI MONTECHIARO,,LA DESTRA,199,,
PALMA DI MONTECHIARO,,FRATELLI D'ITALIA,117,,
PALMA DI MONTECHIARO,,MIR - MODERATI IN RIVOLUZIONE,25,,
PALMA DI MONTECHIARO,,LEGA NORD,11,,
PALMA DI MONTECHIARO,GIUSEPPE PIERO GRILLO PALMA DI MONTECHIARO,MOVIMENTO 5 STELLE BEPPEGRILLO.IT,2590,,
PALMA DI MONTECHIARO,MARIO MONTI PALMA DI MONTECHIARO,SCELTA CIVICA CON MONTI PER L'ITALIA,323,,
PALMA DI MONTECHIARO,,UNIONE DI CENTRO,255,,
PALMA DI MONTECHIARO,,FUTURO E LIBERTA',156,,
PALMA DI MONTECHIARO,ANTONIO INGROIA PALMA DI MONTECHIARO,RIVOLUZIONE CIVILE,134,,
PALMA DI MONTECHIARO,OSCAR FULVIO GIANNINO PALMA DI MONTECHIARO,FARE PER FERMARE IL DECLINO,38,,
PALMA DI MONTECHIARO,ROBERTO FIORE PALMA DI MONTECHIARO,FORZA NUOVA,16,,
PALMA DI MONTECHIARO,GIACINTO MARCO PANNELLA PALMA DI MONTECHIARO,LISTA AMNISTIA GIUSTIZIA LIBERTA',64,,
PALMA DI MONTECHIARO,RENATA JANNUZZI PALMA DI MONTECHIARO,LIBERALI PER L'ITALIA - PLI,36,,
PORTO EMPEDOCLE,PIER LUIGI BERSANI PORTO EMPEDOCLE,PARTITO DEMOCRATICO,1342,,
PORTO EMPEDOCLE,,SINISTRA ECOLOGIA LIBERTA',88,,
PORTO EMPEDOCLE,,CENTRO DEMOCRATICO,13,,
PORTO EMPEDOCLE,SILVIO BERLUSCONI PORTO EMPEDOCLE,IL POPOLO DELLA LIBERTA',1801,,
PORTO EMPEDOCLE,,FRATELLI D'ITALIA,142,,
PORTO EMPEDOCLE,,GRANDE SUD - MPA,72,,
PORTO EMPEDOCLE,,LA DESTRA,28,,
PORTO EMPEDOCLE,,MIR - MODERATI IN RIVOLUZIONE,11,,
PORTO EMPEDOCLE,,LEGA NORD,5,,
PORTO EMPEDOCLE,GIUSEPPE PIERO GRILLO PORTO EMPEDOCLE,MOVIMENTO 5 STELLE BEPPEGRILLO.IT,2828,,
PORTO EMPEDOCLE,MARIO MONTI PORTO EMPEDOCLE,UNIONE DI CENTRO,557,,
PORTO EMPEDOCLE,,SCELTA CIVICA CON MONTI PER L'ITALIA,348,,
PORTO EMPEDOCLE,,FUTURO E LIBERTA',17,,
PORTO EMPEDOCLE,ANTONIO INGROIA PORTO EMPEDOCLE,RIVOLUZIONE CIVILE,167,,
PORTO EMPEDOCLE,OSCAR FULVIO GIANNINO PORTO EMPEDOCLE,FARE PER FERMARE IL DECLINO,21,,
PORTO EMPEDOCLE,ROBERTO FIORE PORTO EMPEDOCLE,FORZA NUOVA,11,,
PORTO EMPEDOCLE,GIACINTO MARCO PANNELLA PORTO EMPEDOCLE,LISTA AMNISTIA GIUSTIZIA LIBERTA',41,,
PORTO EMPEDOCLE,RENATA JANNUZZI PORTO EMPEDOCLE,LIBERALI PER L'ITALIA - PLI,18,,
RACALMUTO,PIER LUIGI BERSANI RACALMUTO,PARTITO DEMOCRATICO,727,,
RACALMUTO,,SINISTRA ECOLOGIA LIBERTA',142,,
RACALMUTO,,CENTRO DEMOCRATICO,21,,
RACALMUTO,SILVIO BERLUSCONI RACALMUTO,IL POPOLO DELLA LIBERTA',821,,
RACALMUTO,,GRANDE SUD - MPA,53,,
RACALMUTO,,FRATELLI D'ITALIA,41,,
RACALMUTO,,LA DESTRA,22,,
RACALMUTO,,LEGA NORD,4,,
RACALMUTO,,MIR - MODERATI IN RIVOLUZIONE,2,,
RACALMUTO,GIUSEPPE PIERO GRILLO RACALMUTO,MOVIMENTO 5 STELLE BEPPEGRILLO.IT,1634,,
RACALMUTO,MARIO MONTI RACALMUTO,SCELTA CIVICA CON MONTI PER L'ITALIA,200,,
RACALMUTO,,UNIONE DI CENTRO,192,,
RACALMUTO,,FUTURO E LIBERTA',8,,
RACALMUTO,ANTONIO INGROIA RACALMUTO,RIVOLUZIONE CIVILE,109,,
RACALMUTO,OSCAR FULVIO GIANNINO RACALMUTO,FARE PER FERMARE IL DECLINO,10,,
RACALMUTO,ROBERTO FIORE RACALMUTO,FORZA NUOVA,6,,
RACALMUTO,GIACINTO MARCO PANNELLA RACALMUTO,LISTA AMNISTIA GIUSTIZIA LIBERTA',31,,
RACALMUTO,RENATA JANNUZZI RACALMUTO,LIBERALI PER L'ITALIA - PLI,14,,
RAFFADALI,PIER LUIGI BERSANI RAFFADALI,PARTITO DEMOCRATICO,1847,,
RAFFADALI,,SINISTRA ECOLOGIA LIBERTA',103,,
RAFFADALI,,CENTRO DEMOCRATICO,31,,
RAFFADALI,SILVIO BERLUSCONI RAFFADALI,IL POPOLO DELLA LIBERTA',670,,
RAFFADALI,,GRANDE SUD - MPA,99,,
RAFFADALI,,FRATELLI D'ITALIA,50,,
RAFFADALI,,MIR - MODERATI IN RIVOLUZIONE,46,,
RAFFADALI,,LA DESTRA,14,,
RAFFADALI,,LEGA NORD,3,,
RAFFADALI,GIUSEPPE PIERO GRILLO RAFFADALI,MOVIMENTO 5 STELLE BEPPEGRILLO.IT,2765,,
RAFFADALI,MARIO MONTI RAFFADALI,SCELTA CIVICA CON MONTI PER L'ITALIA,234,,
RAFFADALI,,UNIONE DI CENTRO,169,,
RAFFADALI,,FUTURO E LIBERTA',7,,
RAFFADALI,ANTONIO INGROIA RAFFADALI,RIVOLUZIONE CIVILE,216,,
RAFFADALI,OSCAR FULVIO GIANNINO RAFFADALI,FARE PER FERMARE IL DECLINO,10,,
RAFFADALI,ROBERTO FIORE RAFFADALI,FORZA NUOVA,3,,
RAFFADALI,GIACINTO MARCO PANNELLA RAFFADALI,LISTA AMNISTIA GIUSTIZIA LIBERTA',21,,
RAFFADALI,RENATA JANNUZZI RAFFADALI,LIBERALI PER L'ITALIA - PLI,22,,
RAVANUSA,PIER LUIGI BERSANI RAVANUSA,PARTITO DEMOCRATICO,1072,,
RAVANUSA,,SINISTRA ECOLOGIA LIBERTA',216,,
RAVANUSA,,CENTRO DEMOCRATICO,11,,
RAVANUSA,SILVIO BERLUSCONI RAVANUSA,IL POPOLO DELLA LIBERTA',752,,
RAVANUSA,,GRANDE SUD - MPA,140,,
RAVANUSA,,LA DESTRA,25,,
RAVANUSA,,FRATELLI D'ITALIA,18,,
RAVANUSA,,LEGA NORD,5,,
RAVANUSA,,MIR - MODERATI IN RIVOLUZIONE,4,,
RAVANUSA,GIUSEPPE PIERO GRILLO RAVANUSA,MOVIMENTO 5 STELLE BEPPEGRILLO.IT,2371,,
RAVANUSA,MARIO MONTI RAVANUSA,SCELTA CIVICA CON MONTI PER L'ITALIA,288,,
RAVANUSA,,UNIONE DI CENTRO,95,,
RAVANUSA,,FUTURO E LIBERTA',12,,
RAVANUSA,ANTONIO INGROIA RAVANUSA,RIVOLUZIONE CIVILE,112,,
RAVANUSA,OSCAR FULVIO GIANNINO RAVANUSA,FARE PER FERMARE IL DECLINO,11,,
RAVANUSA,ROBERTO FIORE RAVANUSA,FORZA NUOVA,16,,
RAVANUSA,GIACINTO MARCO PANNELLA RAVANUSA,LISTA AMNISTIA GIUSTIZIA LIBERTA',31,,
RAVANUSA,RENATA JANNUZZI RAVANUSA,LIBERALI PER L'ITALIA - PLI,8,,
REALMONTE,PIER LUIGI BERSANI REALMONTE,PARTITO DEMOCRATICO,405,,
REALMONTE,,SINISTRA ECOLOGIA LIBERTA',23,,
REALMONTE,,CENTRO DEMOCRATICO,3,,
REALMONTE,SILVIO BERLUSCONI REALMONTE,IL POPOLO DELLA LIBERTA',549,,
REALMONTE,,FRATELLI D'ITALIA,49,,
REALMONTE,,GRANDE SUD - MPA,46,,
REALMONTE,,LA DESTRA,4,,
REALMONTE,,LEGA NORD,1,,
REALMONTE,,MIR - MODERATI IN RIVOLUZIONE,1,,
REALMONTE,GIUSEPPE PIERO GRILLO REALMONTE,MOVIMENTO 5 STELLE BEPPEGRILLO.IT,919,,
REALMONTE,MARIO MONTI REALMONTE,UNIONE DI CENTRO,74,,
REALMONTE,,SCELTA CIVICA CON MONTI PER L'ITALIA,52,,
REALMONTE,,FUTURO E LIBERTA',1,,
REALMONTE,ANTONIO INGROIA REALMONTE,RIVOLUZIONE CIVILE,49,,
REALMONTE,OSCAR FULVIO GIANNINO REALMONTE,FARE PER FERMARE IL DECLINO,1,,
REALMONTE,ROBERTO FIORE REALMONTE,FORZA NUOVA,3,,
REALMONTE,GIACINTO MARCO PANNELLA REALMONTE,LISTA AMNISTIA GIUSTIZIA LIBERTA',29,,
REALMONTE,RENATA JANNUZZI REALMONTE,LIBERALI PER L'ITALIA - PLI,5,,
RIBERA,PIER LUIGI BERSANI RIBERA,PARTITO DEMOCRATICO,1772,,
RIBERA,,SINISTRA ECOLOGIA LIBERTA',169,,
RIBERA,,CENTRO DEMOCRATICO,25,,
RIBERA,SILVIO BERLUSCONI RIBERA,IL POPOLO DELLA LIBERTA',2413,,
RIBERA,,GRANDE SUD - MPA,87,,
RIBERA,,FRATELLI D'ITALIA,84,,
RIBERA,,LA DESTRA,27,,
RIBERA,,MIR - MODERATI IN RIVOLUZIONE,12,,
RIBERA,,LEGA NORD,4,,
RIBERA,GIUSEPPE PIERO GRILLO RIBERA,MOVIMENTO 5 STELLE BEPPEGRILLO.IT,3294,,
RIBERA,MARIO MONTI RIBERA,SCELTA CIVICA CON MONTI PER L'ITALIA,313,,
RIBERA,,UNIONE DI CENTRO,230,,
RIBERA,,FUTURO E LIBERTA',17,,
RIBERA,ANTONIO INGROIA RIBERA,RIVOLUZIONE CIVILE,183,,
RIBERA,OSCAR FULVIO GIANNINO RIBERA,FARE PER FERMARE IL DECLINO,26,,
RIBERA,ROBERTO FIORE RIBERA,FORZA NUOVA,13,,
RIBERA,GIACINTO MARCO PANNELLA RIBERA,LISTA AMNISTIA GIUSTIZIA LIBERTA',60,,
RIBERA,RENATA JANNUZZI RIBERA,LIBERALI PER L'ITALIA - PLI,31,,
SAMBUCA DI SICILIA,PIER LUIGI BERSANI SAMBUCA DI SICILIA,PARTITO DEMOCRATICO,1526,,
SAMBUCA DI SICILIA,,SINISTRA ECOLOGIA LIBERTA',64,,
SAMBUCA DI SICILIA,,CENTRO DEMOCRATICO,10,,
SAMBUCA DI SICILIA,SILVIO BERLUSCONI SAMBUCA DI SICILIA,IL POPOLO DELLA LIBERTA',469,,
SAMBUCA DI SICILIA,,MIR - MODERATI IN RIVOLUZIONE,60,,
SAMBUCA DI SICILIA,,GRANDE SUD - MPA,33,,
SAMBUCA DI SICILIA,,FRATELLI D'ITALIA,22,,
SAMBUCA DI SICILIA,,LA DESTRA,6,,
SAMBUCA DI SICILIA,,LEGA NORD,2,,
SAMBUCA DI SICILIA,GIUSEPPE PIERO GRILLO SAMBUCA DI SICILIA,MOVIMENTO 5 STELLE BEPPEGRILLO.IT,892,,
SAMBUCA DI SICILIA,MARIO MONTI SAMBUCA DI SICILIA,SCELTA CIVICA CON MONTI PER L'ITALIA,195,,
SAMBUCA DI SICILIA,,UNIONE DI CENTRO,63,,
SAMBUCA DI SICILIA,,FUTURO E LIBERTA',5,,
SAMBUCA DI SICILIA,ANTONIO INGROIA SAMBUCA DI SICILIA,RIVOLUZIONE CIVILE,36,,
SAMBUCA DI SICILIA,OSCAR FULVIO GIANNINO SAMBUCA DI SICILIA,FARE PER FERMARE IL DECLINO,9,,
SAMBUCA DI SICILIA,ROBERTO FIORE SAMBUCA DI SICILIA,FORZA NUOVA,1,,
SAMBUCA DI SICILIA,GIACINTO MARCO PANNELLA SAMBUCA DI SICILIA,LISTA AMNISTIA GIUSTIZIA LIBERTA',24,,
SAMBUCA DI SICILIA,RENATA JANNUZZI SAMBUCA DI SICILIA,LIBERALI PER L'ITALIA - PLI,17,,
SAN BIAGIO PLATANI,PIER LUIGI BERSANI SAN BIAGIO PLATANI,PARTITO DEMOCRATICO,414,,
SAN BIAGIO PLATANI,,SINISTRA ECOLOGIA LIBERTA',24,,
SAN BIAGIO PLATANI,,CENTRO DEMOCRATICO,2,,
SAN BIAGIO PLATANI,SILVIO BERLUSCONI SAN BIAGIO PLATANI,IL POPOLO DELLA LIBERTA',420,,
SAN BIAGIO PLATANI,,GRANDE SUD - MPA,77,,
SAN BIAGIO PLATANI,,FRATELLI D'ITALIA,5,,
SAN BIAGIO PLATANI,,LA DESTRA,2,,
SAN BIAGIO PLATANI,,MIR - MODERATI IN RIVOLUZIONE,1,,
SAN BIAGIO PLATANI,,LEGA NORD,0,,
SAN BIAGIO PLATANI,GIUSEPPE PIERO GRILLO SAN BIAGIO PLATANI,MOVIMENTO 5 STELLE BEPPEGRILLO.IT,447,,
SAN BIAGIO PLATANI,MARIO MONTI SAN BIAGIO PLATANI,SCELTA CIVICA CON MONTI PER L'ITALIA,79,,
SAN BIAGIO PLATANI,,FUTURO E LIBERTA',37,,
SAN BIAGIO PLATANI,,UNIONE DI CENTRO,32,,
SAN BIAGIO PLATANI,ANTONIO INGROIA SAN BIAGIO PLATANI,RIVOLUZIONE CIVILE,31,,
SAN BIAGIO PLATANI,OSCAR FULVIO GIANNINO SAN BIAGIO PLATANI,FARE PER FERMARE IL DECLINO,3,,
SAN BIAGIO PLATANI,ROBERTO FIORE SAN BIAGIO PLATANI,FORZA NUOVA,2,,
SAN BIAGIO PLATANI,GIACINTO MARCO PANNELLA SAN BIAGIO PLATANI,LISTA AMNISTIA GIUSTIZIA LIBERTA',4,,
SAN BIAGIO PLATANI,RENATA JANNUZZI SAN BIAGIO PLATANI,LIBERALI PER L'ITALIA - PLI,9,,
SAN GIOVANNI GEMINI,PIER LUIGI BERSANI SAN GIOVANNI GEMINI,PARTITO DEMOCRATICO,837,,
SAN GIOVANNI GEMINI,,SINISTRA ECOLOGIA LIBERTA',67,,
SAN GIOVANNI GEMINI,,CENTRO DEMOCRATICO,6,,
SAN GIOVANNI GEMINI,SILVIO BERLUSCONI SAN GIOVANNI GEMINI,IL POPOLO DELLA LIBERTA',837,,
SAN GIOVANNI GEMINI,,GRANDE SUD - MPA,185,,
SAN GIOVANNI GEMINI,,FRATELLI D'ITALIA,25,,
SAN GIOVANNI GEMINI,,LA DESTRA,15,,
SAN GIOVANNI GEMINI,,MIR - MODERATI IN RIVOLUZIONE,8,,
SAN GIOVANNI GEMINI,,LEGA NORD,8,,
SAN GIOVANNI GEMINI,GIUSEPPE PIERO GRILLO SAN GIOVANNI GEMINI,MOVIMENTO 5 STELLE BEPPEGRILLO.IT,2016,,
SAN GIOVANNI GEMINI,MARIO MONTI SAN GIOVANNI GEMINI,SCELTA CIVICA CON MONTI PER L'ITALIA,289,,
SAN GIOVANNI GEMINI,,UNIONE DI CENTRO,112,,
SAN GIOVANNI GEMINI,,FUTURO E LIBERTA',33,,
SAN GIOVANNI GEMINI,ANTONIO INGROIA SAN GIOVANNI GEMINI,RIVOLUZIONE CIVILE,100,,
SAN GIOVANNI GEMINI,OSCAR FULVIO GIANNINO SAN GIOVANNI GEMINI,FARE PER FERMARE IL DECLINO,16,,
SAN GIOVANNI GEMINI,ROBERTO FIORE SAN GIOVANNI GEMINI,FORZA NUOVA,8,,
SAN GIOVANNI GEMINI,GIACINTO MARCO PANNELLA SAN GIOVANNI GEMINI,LISTA AMNISTIA GIUSTIZIA LIBERTA',21,,
SAN GIOVANNI GEMINI,RENATA JANNUZZI SAN GIOVANNI GEMINI,LIBERALI PER L'ITALIA - PLI,18,,
SANT'ANGELO MUXARO,PIER LUIGI BERSANI SANT'ANGELO MUXARO,PARTITO DEMOCRATICO,162,,
SANT'ANGELO MUXARO,,SINISTRA ECOLOGIA LIBERTA',3,,
SANT'ANGELO MUXARO,,CENTRO DEMOCRATICO,2,,
SANT'ANGELO MUXARO,SILVIO BERLUSCONI SANT'ANGELO MUXARO,IL POPOLO DELLA LIBERTA',299,,
SANT'ANGELO MUXARO,,MIR - MODERATI IN RIVOLUZIONE,14,,
SANT'ANGELO MUXARO,,FRATELLI D'ITALIA,6,,
SANT'ANGELO MUXARO,,GRANDE SUD - MPA,5,,
SANT'ANGELO MUXARO,,LA DESTRA,4,,
SANT'ANGELO MUXARO,,LEGA NORD,2,,
SANT'ANGELO MUXARO,GIUSEPPE PIERO GRILLO SANT'ANGELO MUXARO,MOVIMENTO 5 STELLE BEPPEGRILLO.IT,166,,
SANT'ANGELO MUXARO,MARIO MONTI SANT'ANGELO MUXARO,UNIONE DI CENTRO,42,,
SANT'ANGELO MUXARO,,SCELTA CIVICA CON MONTI PER L'ITALIA,32,,
SANT'ANGELO MUXARO,,FUTURO E LIBERTA',3,,
SANT'ANGELO MUXARO,ANTONIO INGROIA SANT'ANGELO MUXARO,RIVOLUZIONE CIVILE,12,,
SANT'ANGELO MUXARO,OSCAR FULVIO GIANNINO SANT'ANGELO MUXARO,FARE PER FERMARE IL DECLINO,0,,
SANT'ANGELO MUXARO,ROBERTO FIORE SANT'ANGELO MUXARO,FORZA NUOVA,0,,
SANT'ANGELO MUXARO,GIACINTO MARCO PANNELLA SANT'ANGELO MUXARO,LISTA AMNISTIA GIUSTIZIA LIBERTA',5,,
SANT'ANGELO MUXARO,RENATA JANNUZZI SANT'ANGELO MUXARO,LIBERALI PER L'ITALIA - PLI,4,,
SANTA ELISABETTA,PIER LUIGI BERSANI SANTA ELISABETTA,PARTITO DEMOCRATICO,255,,
SANTA ELISABETTA,,SINISTRA ECOLOGIA LIBERTA',23,,
SANTA ELISABETTA,,CENTRO DEMOCRATICO,8,,
SANTA ELISABETTA,SILVIO BERLUSCONI SANTA ELISABETTA,IL POPOLO DELLA LIBERTA',168,,
SANTA ELISABETTA,,GRANDE SUD - MPA,55,,
SANTA ELISABETTA,,FRATELLI D'ITALIA,9,,
SANTA ELISABETTA,,MIR - MODERATI IN RIVOLUZIONE,8,,
SANTA ELISABETTA,,LEGA NORD,2,,
SANTA ELISABETTA,,LA DESTRA,1,,
SANTA ELISABETTA,GIUSEPPE PIERO GRILLO SANTA ELISABETTA,MOVIMENTO 5 STELLE BEPPEGRILLO.IT,492,,
SANTA ELISABETTA,MARIO MONTI SANTA ELISABETTA,UNIONE DI CENTRO,143,,
SANTA ELISABETTA,,SCELTA CIVICA CON MONTI PER L'ITALIA,36,,
SANTA ELISABETTA,,FUTURO E LIBERTA',1,,
SANTA ELISABETTA,ANTONIO INGROIA SANTA ELISABETTA,RIVOLUZIONE CIVILE,26,,
SANTA ELISABETTA,OSCAR FULVIO GIANNINO SANTA ELISABETTA,FARE PER FERMARE IL DECLINO,1,,
SANTA ELISABETTA,ROBERTO FIORE SANTA ELISABETTA,FORZA NUOVA,0,,
SANTA ELISABETTA,GIACINTO MARCO PANNELLA SANTA ELISABETTA,LISTA AMNISTIA GIUSTIZIA LIBERTA',4,,
SANTA ELISABETTA,RENATA JANNUZZI SANTA ELISABETTA,LIBERALI PER L'ITALIA - PLI,1,,
SANTA MARGHERITA DI BELICE,PIER LUIGI BERSANI SANTA MARGHERITA DI BELICE,PARTITO DEMOCRATICO,897,,
SANTA MARGHERITA DI BELICE,,SINISTRA ECOLOGIA LIBERTA',78,,
SANTA MARGHERITA DI BELICE,,CENTRO DEMOCRATICO,20,,
SANTA MARGHERITA DI BELICE,SILVIO BERLUSCONI SANTA MARGHERITA DI BELICE,IL POPOLO DELLA LIBERTA',617,,
SANTA MARGHERITA DI BELICE,,GRANDE SUD - MPA,75,,
SANTA MARGHERITA DI BELICE,,FRATELLI D'ITALIA,24,,
SANTA MARGHERITA DI BELICE,,MIR - MODERATI IN RIVOLUZIONE,13,,
SANTA MARGHERITA DI BELICE,,LA DESTRA,13,,
SANTA MARGHERITA DI BELICE,,LEGA NORD,1,,
SANTA MARGHERITA DI BELICE,GIUSEPPE PIERO GRILLO SANTA MARGHERITA DI BELICE,MOVIMENTO 5 STELLE BEPPEGRILLO.IT,932,,
SANTA MARGHERITA DI BELICE,MARIO MONTI SANTA MARGHERITA DI BELICE,SCELTA CIVICA CON MONTI PER L'ITALIA,187,,
SANTA MARGHERITA DI BELICE,,UNIONE DI CENTRO,99,,
SANTA MARGHERITA DI BELICE,,FUTURO E LIBERTA',6,,
SANTA MARGHERITA DI BELICE,ANTONIO INGROIA SANTA MARGHERITA DI BELICE,RIVOLUZIONE CIVILE,120,,
SANTA MARGHERITA DI BELICE,OSCAR FULVIO GIANNINO SANTA MARGHERITA DI BELICE,FARE PER FERMARE IL DECLINO,17,,
SANTA MARGHERITA DI BELICE,ROBERTO FIORE SANTA MARGHERITA DI BELICE,FORZA NUOVA,4,,
SANTA MARGHERITA DI BELICE,GIACINTO MARCO PANNELLA SANTA MARGHERITA DI BELICE,LISTA AMNISTIA GIUSTIZIA LIBERTA',10,,
SANTA MARGHERITA DI BELICE,RENATA JANNUZZI SANTA MARGHERITA DI BELICE,LIBERALI PER L'ITALIA - PLI,15,,
SANTO STEFANO QUISQUINA,PIER LUIGI BERSANI SANTO STEFANO QUISQUINA,PARTITO DEMOCRATICO,911,,
SANTO STEFANO QUISQUINA,,SINISTRA ECOLOGIA LIBERTA',75,,
SANTO STEFANO QUISQUINA,,CENTRO DEMOCRATICO,6,,
SANTO STEFANO QUISQUINA,SILVIO BERLUSCONI SANTO STEFANO QUISQUINA,IL POPOLO DELLA LIBERTA',395,,
SANTO STEFANO QUISQUINA,,LA DESTRA,59,,
SANTO STEFANO QUISQUINA,,GRANDE SUD - MPA,38,,
SANTO STEFANO QUISQUINA,,FRATELLI D'ITALIA,22,,
SANTO STEFANO QUISQUINA,,LEGA NORD,4,,
SANTO STEFANO QUISQUINA,,MIR - MODERATI IN RIVOLUZIONE,2,,
SANTO STEFANO QUISQUINA,GIUSEPPE PIERO GRILLO SANTO STEFANO QUISQUINA,MOVIMENTO 5 STELLE BEPPEGRILLO.IT,669,,
SANTO STEFANO QUISQUINA,MARIO MONTI SANTO STEFANO QUISQUINA,SCELTA CIVICA CON MONTI PER L'ITALIA,117,,
SANTO STEFANO QUISQUINA,,UNIONE DI CENTRO,41,,
SANTO STEFANO QUISQUINA,,FUTURO E LIBERTA',7,,
SANTO STEFANO QUISQUINA,ANTONIO INGROIA SANTO STEFANO QUISQUINA,RIVOLUZIONE CIVILE,42,,
SANTO STEFANO QUISQUINA,OSCAR FULVIO GIANNINO SANTO STEFANO QUISQUINA,FARE PER FERMARE IL DECLINO,4,,
SANTO STEFANO QUISQUINA,ROBERTO FIORE SANTO STEFANO QUISQUINA,FORZA NUOVA,4,,
SANTO STEFANO QUISQUINA,GIACINTO MARCO PANNELLA SANTO STEFANO QUISQUINA,LISTA AMNISTIA GIUSTIZIA LIBERTA',4,,
SANTO STEFANO QUISQUINA,RENATA JANNUZZI SANTO STEFANO QUISQUINA,LIBERALI PER L'ITALIA - PLI,16,,
SCIACCA,PIER LUIGI BERSANI SCIACCA,PARTITO DEMOCRATICO,3366,,
SCIACCA,,SINISTRA ECOLOGIA LIBERTA',723,,
SCIACCA,,CENTRO DEMOCRATICO,32,,
SCIACCA,SILVIO BERLUSCONI SCIACCA,IL POPOLO DELLA LIBERTA',5251,,
SCIACCA,,GRANDE SUD - MPA,547,,
SCIACCA,,FRATELLI D'ITALIA,327,,
SCIACCA,,LA DESTRA,75,,
SCIACCA,,MIR - MODERATI IN RIVOLUZIONE,38,,
SCIACCA,,LEGA NORD,13,,
SCIACCA,GIUSEPPE PIERO GRILLO SCIACCA,MOVIMENTO 5 STELLE BEPPEGRILLO.IT,8823,,
SCIACCA,MARIO MONTI SCIACCA,SCELTA CIVICA CON MONTI PER L'ITALIA,1201,,
SCIACCA,,UNIONE DI CENTRO,259,,
SCIACCA,,FUTURO E LIBERTA',43,,
SCIACCA,ANTONIO INGROIA SCIACCA,RIVOLUZIONE CIVILE,386,,
SCIACCA,OSCAR FULVIO GIANNINO SCIACCA,FARE PER FERMARE IL DECLINO,54,,
SCIACCA,ROBERTO FIORE SCIACCA,FORZA NUOVA,31,,
SCIACCA,GIACINTO MARCO PANNELLA SCIACCA,LISTA AMNISTIA GIUSTIZIA LIBERTA',102,,
SCIACCA,RENATA JANNUZZI SCIACCA,LIBERALI PER L'ITALIA - PLI,65,,
SICULIANA,PIER LUIGI BERSANI SICULIANA,PARTITO DEMOCRATICO,551,,
SICULIANA,,SINISTRA ECOLOGIA LIBERTA',23,,
SICULIANA,,CENTRO DEMOCRATICO,3,,
SICULIANA,SILVIO BERLUSCONI SICULIANA,IL POPOLO DELLA LIBERTA',663,,
SICULIANA,,GRANDE SUD - MPA,40,,
SICULIANA,,LA DESTRA,11,,
SICULIANA,,FRATELLI D'ITALIA,10,,
SICULIANA,,LEGA NORD,3,,
SICULIANA,,MIR - MODERATI IN RIVOLUZIONE,2,,
SICULIANA,GIUSEPPE PIERO GRILLO SICULIANA,MOVIMENTO 5 STELLE BEPPEGRILLO.IT,799,,
SICULIANA,MARIO MONTI SICULIANA,UNIONE DI CENTRO,99,,
SICULIANA,,SCELTA CIVICA CON MONTI PER L'ITALIA,66,,
SICULIANA,,FUTURO E LIBERTA',2,,
SICULIANA,ANTONIO INGROIA SICULIANA,RIVOLUZIONE CIVILE,39,,
SICULIANA,OSCAR FULVIO GIANNINO SICULIANA,FARE PER FERMARE IL DECLINO,2,,
SICULIANA,ROBERTO FIORE SICULIANA,FORZA NUOVA,0,,
SICULIANA,GIACINTO MARCO PANNELLA SICULIANA,LISTA AMNISTIA GIUSTIZIA LIBERTA',21,,
SICULIANA,RENATA JANNUZZI SICULIANA,LIBERALI PER L'ITALIA - PLI,5,,
VILLAFRANCA SICULA,PIER LUIGI BERSANI VILLAFRANCA SICULA,PARTITO DEMOCRATICO,187,,
VILLAFRANCA SICULA,,SINISTRA ECOLOGIA LIBERTA',135,,
VILLAFRANCA SICULA,,CENTRO DEMOCRATICO,2,,
VILLAFRANCA SICULA,SILVIO BERLUSCONI VILLAFRANCA SICULA,IL POPOLO DELLA LIBERTA',148,,
VILLAFRANCA SICULA,,GRANDE SUD - MPA,4,,
VILLAFRANCA SICULA,,FRATELLI D'ITALIA,3,,
VILLAFRANCA SICULA,,LA DESTRA,2,,
VILLAFRANCA SICULA,,MIR - MODERATI IN RIVOLUZIONE,0,,
VILLAFRANCA SICULA,,LEGA NORD,0,,
VILLAFRANCA SICULA,GIUSEPPE PIERO GRILLO VILLAFRANCA SICULA,MOVIMENTO 5 STELLE BEPPEGRILLO.IT,112,,
VILLAFRANCA SICULA,MARIO MONTI VILLAFRANCA SICULA,UNIONE DI CENTRO,68,,
VILLAFRANCA SICULA,,SCELTA CIVICA CON MONTI PER L'ITALIA,29,,
VILLAFRANCA SICULA,,FUTURO E LIBERTA',0,,
VILLAFRANCA SICULA,ANTONIO INGROIA VILLAFRANCA SICULA,RIVOLUZIONE CIVILE,13,,
VILLAFRANCA SICULA,OSCAR FULVIO GIANNINO VILLAFRANCA SICULA,FARE PER FERMARE IL DECLINO,0,,
VILLAFRANCA SICULA,ROBERTO FIORE VILLAFRANCA SICULA,FORZA NUOVA,0,,
VILLAFRANCA SICULA,GIACINTO MARCO PANNELLA VILLAFRANCA SICULA,LISTA AMNISTIA GIUSTIZIA LIBERTA',4,,
VILLAFRANCA SICULA,RENATA JANNUZZI VILLAFRANCA SICULA,LIBERALI PER L'ITALIA - PLI,3,,
